id,name,dept,location,camera_type,ownership,connectivity_status,storage_type,retention_days,health_status,rtsp_url,stream_id,hls_url,created_at,is_synthetic,edge_node_id,scale_run_id
1,Kankaria Gate Cam 1,Traffic Police,0101000020E6100000B4C876BE9F265240CAC342AD69FE3640,ip,traffic-police,online,nvr,15,healthy,rtsp://demo/cam1,,,2026-08-30 17:11:53.24197+00,f,,
2,CG Road Junction,Municipal Corp,0101000020E6100000CD3B4ED191245240F6285C8FC2053740,analog,municipal,online,cloud,7,healthy,rtsp://demo/cam2,,,2026-08-30 17:11:53.24197+00,f,,
3,Gandhinagar Sec 1,Traffic Police,0101000020E6100000A2B437F8C22852408104C58F31373740,ip,traffic-police,offline,nvr,15,down,rtsp://demo/cam3,,,2026-08-30 17:11:53.24197+00,f,,
4,Sabarmati Riverfront,Municipal Corp,0101000020E6100000705F07CE1925524064CC5D4BC8073740,ip,municipal,online,cloud,10,healthy,rtsp://demo/cam4,,,2026-08-30 17:11:53.24197+00,f,,
5,Maninagar Market,Traffic Police,0101000020E610000009F9A067B32652403B014D840DFF3640,analog,traffic-police,online,nvr,15,degraded,rtsp://demo/cam5,,,2026-08-30 17:11:53.24197+00,f,,
6,Vastrapur Lake,Municipal Corp,0101000020E6100000992A1895D421524061C3D32B65093740,ip,municipal,online,cloud,7,healthy,rtsp://demo/cam6,,,2026-08-30 17:11:53.24197+00,f,,
7,SG Highway Junction,Traffic Police,0101000020E6100000637FD93D7920524064CC5D4BC8073740,ip,traffic-police,online,nvr,15,healthy,rtsp://demo/cam7,,,2026-08-30 17:11:53.24197+00,f,,
8,Naroda Industrial,GIDC,0101000020E61000000B462575022A524018265305A3123740,analog,gidc,offline,nvr,30,down,rtsp://demo/cam8,,,2026-08-30 17:11:53.24197+00,f,,
9,Bopal Cross Road,Municipal Corp,0101000020E6100000D200DE02091E52407F6ABC7493083740,ip,municipal,online,cloud,10,healthy,rtsp://demo/cam9,,,2026-08-30 17:11:53.24197+00,f,,
10,Ellis Bridge,Traffic Police,0101000020E6100000226C787AA52452409F3C2CD49A063740,ip,traffic-police,online,nvr,15,healthy,rtsp://demo/cam10,,,2026-08-30 17:11:53.24197+00,f,,
11,Chandkheda Metro,Metro Rail,0101000020E61000006744696FF02552405C2041F1631C3740,ip,metro,online,cloud,20,healthy,rtsp://demo/cam11,,,2026-08-30 17:11:53.24197+00,f,,
12,Paldi Circle,Traffic Police,0101000020E6100000E3A59BC420245240ABCFD556ECFF3640,analog,traffic-police,online,nvr,15,degraded,rtsp://demo/cam12,,,2026-08-30 17:11:53.24197+00,f,,
43,01 Chiman Bhai Bridge,Ahmedabad,0101000020E6100000CD3B4ED191245240F6285C8FC2053740,Bullet,Event Organizer,online,Cloud,0,operational,,direct-cam01,,2026-08-31 20:20:05.601855+00,f,,
44,02 Direct Feed,Gujarat (location pending),0101000020E610000007F0164850CC5140A779C7293A423640,Bullet,Event Organizer,online,Cloud,0,operational,,direct-cam02,,2026-08-31 20:20:05.622311+00,f,,
45,03 O.N.G.C. Office,"Viramgam, Ahmedabad",0101000020E6100000567DAEB662035240EE5A423EE8193740,Bullet,Event Organizer,online,Cloud,0,operational,,direct-cam03,,2026-08-31 20:20:05.62643+00,f,,
46,04 Direct Feed,Gujarat (location pending),0101000020E610000007F0164850CC5140A779C7293A423640,Bullet,Event Organizer,online,Cloud,0,operational,,direct-cam04,,2026-08-31 20:20:05.62912+00,f,,
47,05 Direct Feed,Gujarat (location pending),0101000020E610000007F0164850CC5140A779C7293A423640,Bullet,Event Organizer,online,Cloud,0,operational,,direct-cam05,,2026-08-31 20:20:05.631745+00,f,,
48,"06 Timbavadi Gate, Junagadh",Junagadh,0101000020E610000039B4C876BE9B5140A913D044D8803540,Bullet,Event Organizer,online,Cloud,0,operational,,direct-cam06,,2026-08-31 20:20:05.634524+00,f,,
49,07 Direct Feed,Gujarat (location pending),0101000020E610000007F0164850CC5140A779C7293A423640,Bullet,Event Organizer,online,Cloud,0,operational,,direct-cam07,,2026-09-01 02:36:24.695031+00,f,,
50,08 Direct Feed,Gujarat (location pending),0101000020E610000007F0164850CC5140A779C7293A423640,Bullet,Event Organizer,online,Cloud,0,operational,,direct-cam08,,2026-09-01 02:36:24.778553+00,f,,
51,09 Direct Feed,Gujarat (location pending),0101000020E610000007F0164850CC5140A779C7293A423640,Bullet,Event Organizer,online,Cloud,0,operational,,direct-cam09,,2026-09-01 02:36:24.783013+00,f,,
52,10 Direct Feed,Gujarat (location pending),0101000020E610000007F0164850CC5140A779C7293A423640,Bullet,Event Organizer,online,Cloud,0,operational,,direct-cam10,,2026-09-01 02:36:24.787345+00,f,,
89,11 Direct Feed,Traffic Police,0101000020E6100000D7A3703D0A2752405C8FC2F5281C3740,ip,traffic-police,online,nvr,15,operational,,direct-cam11,,2026-09-01 16:12:34.64155+00,f,,
90,12 Direct Feed,Traffic Police,0101000020E610000048E17A14AE2752401F85EB51B81E3740,ip,traffic-police,online,nvr,15,operational,,direct-cam12,,2026-09-01 16:12:34.782425+00,f,,
91,13 Direct Feed,Traffic Police,0101000020E6100000B81E85EB51285240E17A14AE47213740,ip,traffic-police,online,nvr,15,operational,,direct-cam13,,2026-09-01 16:12:34.788013+00,f,,
92,14 Direct Feed,Traffic Police,0101000020E6100000295C8FC2F5285240A4703D0AD7233740,ip,traffic-police,online,nvr,15,operational,,direct-cam14,,2026-09-01 16:12:34.79271+00,f,,
93,15 Direct Feed,Traffic Police,0101000020E61000009A999999992952406666666666263740,ip,traffic-police,online,nvr,15,operational,,direct-cam15,,2026-09-01 16:12:34.796304+00,f,,
94,16 Direct Feed,Traffic Police,0101000020E61000000AD7A3703D2A5240295C8FC2F5283740,ip,traffic-police,online,nvr,15,operational,,direct-cam16,,2026-09-01 16:12:34.802455+00,f,,
95,17 Direct Feed,Traffic Police,0101000020E61000007B14AE47E12A5240EC51B81E852B3740,ip,traffic-police,online,nvr,15,operational,,direct-cam17,,2026-09-01 16:12:34.811043+00,f,,
96,18 Direct Feed,Traffic Police,0101000020E6100000EC51B81E852B5240AE47E17A142E3740,ip,traffic-police,online,nvr,15,operational,,direct-cam18,,2026-09-01 16:12:34.814447+00,f,,
97,19 Direct Feed,Traffic Police,0101000020E61000005C8FC2F5282C5240713D0AD7A3303740,ip,traffic-police,online,nvr,15,operational,,direct-cam19,,2026-09-01 16:12:34.817352+00,f,,
98,20 Direct Feed,Traffic Police,0101000020E6100000CDCCCCCCCC2C52403333333333333740,ip,traffic-police,online,nvr,15,operational,,direct-cam20,,2026-09-01 16:12:34.821433+00,f,,
99,21 Direct Feed,Traffic Police,0101000020E61000003D0AD7A3702D5240F6285C8FC2353740,ip,traffic-police,online,nvr,15,operational,,direct-cam21,,2026-09-01 16:12:34.824332+00,f,,
100,22 Direct Feed,Traffic Police,0101000020E6100000AE47E17A142E5240B81E85EB51383740,ip,traffic-police,online,nvr,15,operational,,direct-cam22,,2026-09-01 16:12:34.829204+00,f,,
104,26 Direct Feed,Traffic Police,0101000020E6100000713D0AD7A3305240C3F5285C8F423740,ip,traffic-police,online,nvr,15,operational,,direct-cam26,,2026-09-01 16:12:34.845347+00,f,,
105,27 Direct Feed,Traffic Police,0101000020E6100000E17A14AE4731524085EB51B81E453740,ip,traffic-police,online,nvr,15,operational,,direct-cam27,,2026-09-01 16:12:34.848488+00,f,,
106,28 Direct Feed,Traffic Police,0101000020E610000052B81E85EB31524048E17A14AE473740,ip,traffic-police,online,nvr,15,operational,,direct-cam28,,2026-09-01 16:12:34.851407+00,f,,
107,29 Direct Feed,Traffic Police,0101000020E6100000C3F5285C8F3252400AD7A3703D4A3740,ip,traffic-police,online,nvr,15,operational,,direct-cam29,,2026-09-01 16:12:34.854456+00,f,,
108,30 Direct Feed,Traffic Police,0101000020E61000003333333333335240CDCCCCCCCC4C3740,ip,traffic-police,online,nvr,15,operational,,direct-cam30,,2026-09-01 16:12:34.85727+00,f,,
109,23 Direct Feed,Traffic Police,0101000020E61000001F85EB51B82E52407B14AE47E13A3740,ip,traffic-police,online,nvr,15,operational,,direct-cam23,,2026-09-01 18:31:15.314803+00,f,,
110,24 Direct Feed,Traffic Police,0101000020E61000008FC2F5285C2F52403D0AD7A3703D3740,ip,traffic-police,online,nvr,15,operational,,direct-cam24,,2026-09-01 18:31:15.368236+00,f,,
111,25 Direct Feed,Traffic Police,0101000020E610000000000000003052400000000000403740,ip,traffic-police,online,nvr,15,operational,,direct-cam25,,2026-09-01 18:31:15.37547+00,f,,
112,Audit Test Camera,Traffic Police,0101000020E610000000000000002052400000000000003740,ip,traffic-police,online,nvr,15,healthy,,,,2026-09-02 06:01:36.414088+00,f,,
113,Audit Write Test,Traffic Police,0101000020E610000000000000002052400000000000003740,ip,traffic-police,online,nvr,15,healthy,,,,2026-09-02 06:01:36.487165+00,f,,
114,History Test Camera,Traffic Police,0101000020E610000000000000002052400000000000003740,ip,traffic-police,online,nvr,15,healthy,,,,2026-09-02 06:01:36.49986+00,f,,
115,History Test Camera,Traffic Police,0101000020E610000000000000002052400000000000003740,ip,traffic-police,offline,nvr,15,healthy,,,,2026-09-02 06:01:36.52706+00,f,,
116,History Test Camera,Traffic Police,0101000020E610000000000000002052400000000000003740,ip,traffic-police,offline,nvr,15,healthy,,,,2026-09-02 06:01:36.578172+00,f,,
117,History Test Camera,Traffic Police,0101000020E610000000000000002052400000000000003740,ip,traffic-police,offline,nvr,15,healthy,,,,2026-09-02 06:01:36.623239+00,f,,
118,Renamed Camera,Traffic Police,0101000020E610000000000000002052400000000000003740,ip,traffic-police,online,nvr,15,healthy,,,,2026-09-02 06:01:36.701867+00,f,,
119,History Test Camera,Traffic Police,0101000020E610000000000000002052400000000000003740,ip,traffic-police,offline,nvr,15,healthy,,,,2026-09-02 06:01:36.737623+00,f,,
120,Renamed Camera,Traffic Police,0101000020E610000000000000002052400000000000003740,ip,traffic-police,online,nvr,15,healthy,,,,2026-09-02 06:01:36.771644+00,f,,
121,Uptime Test Camera,Traffic Police,0101000020E610000000000000002052400000000000003740,ip,traffic-police,online,nvr,15,healthy,,,,2026-09-02 06:01:36.818254+00,f,,
122,Uptime Test Camera,Traffic Police,0101000020E610000000000000002052400000000000003740,ip,traffic-police,offline,nvr,15,healthy,,,,2026-09-02 06:01:36.859238+00,f,,
123,Uptime Test Camera,Traffic Police,0101000020E610000000000000002052400000000000003740,ip,traffic-police,online,nvr,15,healthy,,,,2026-09-02 06:01:36.895901+00,f,,
125,Bulk Test Camera A,Traffic Police,0101000020E6100000CD3B4ED191245240F6285C8FC2053740,ip,traffic-police,online,nvr,15,healthy,rtsp://demo/bulk-a,,,2026-09-02 06:01:37.021299+00,f,,
126,Audit Test Camera,Traffic Police,0101000020E610000000000000002052400000000000003740,ip,traffic-police,online,nvr,15,healthy,,,,2026-09-02 06:13:23.076713+00,f,,
127,Audit Write Test,Traffic Police,0101000020E610000000000000002052400000000000003740,ip,traffic-police,online,nvr,15,healthy,,,,2026-09-02 06:13:23.174073+00,f,,
128,History Test Camera,Traffic Police,0101000020E610000000000000002052400000000000003740,ip,traffic-police,online,nvr,15,healthy,,,,2026-09-02 06:13:23.188218+00,f,,
129,History Test Camera,Traffic Police,0101000020E610000000000000002052400000000000003740,ip,traffic-police,offline,nvr,15,healthy,,,,2026-09-02 06:13:23.223585+00,f,,
130,History Test Camera,Traffic Police,0101000020E610000000000000002052400000000000003740,ip,traffic-police,offline,nvr,15,healthy,,,,2026-09-02 06:13:23.25936+00,f,,
131,History Test Camera,Traffic Police,0101000020E610000000000000002052400000000000003740,ip,traffic-police,offline,nvr,15,healthy,,,,2026-09-02 06:13:23.297967+00,f,,
132,Renamed Camera,Traffic Police,0101000020E610000000000000002052400000000000003740,ip,traffic-police,online,nvr,15,healthy,,,,2026-09-02 06:13:23.34689+00,f,,
133,History Test Camera,Traffic Police,0101000020E610000000000000002052400000000000003740,ip,traffic-police,offline,nvr,15,healthy,,,,2026-09-02 06:13:23.377711+00,f,,
134,Renamed Camera,Traffic Police,0101000020E610000000000000002052400000000000003740,ip,traffic-police,online,nvr,15,healthy,,,,2026-09-02 06:13:23.411784+00,f,,
135,Uptime Test Camera,Traffic Police,0101000020E610000000000000002052400000000000003740,ip,traffic-police,online,nvr,15,healthy,,,,2026-09-02 06:13:23.454703+00,f,,
136,Uptime Test Camera,Traffic Police,0101000020E610000000000000002052400000000000003740,ip,traffic-police,offline,nvr,15,healthy,,,,2026-09-02 06:13:23.478726+00,f,,
137,Uptime Test Camera,Traffic Police,0101000020E610000000000000002052400000000000003740,ip,traffic-police,online,nvr,15,healthy,,,,2026-09-02 06:13:23.505463+00,f,,
139,Bulk Test Camera A,Traffic Police,0101000020E6100000CD3B4ED191245240F6285C8FC2053740,ip,traffic-police,online,nvr,15,healthy,rtsp://demo/bulk-a,,,2026-09-02 06:13:23.603908+00,f,,
140,Audit Test Camera,Traffic Police,0101000020E610000000000000002052400000000000003740,ip,traffic-police,online,nvr,15,healthy,,,,2026-09-02 06:22:10.487222+00,f,,
141,Audit Write Test,Traffic Police,0101000020E610000000000000002052400000000000003740,ip,traffic-police,online,nvr,15,healthy,,,,2026-09-02 06:22:10.544047+00,f,,
142,History Test Camera,Traffic Police,0101000020E610000000000000002052400000000000003740,ip,traffic-police,online,nvr,15,healthy,,,,2026-09-02 06:22:10.555398+00,f,,
143,History Test Camera,Traffic Police,0101000020E610000000000000002052400000000000003740,ip,traffic-police,offline,nvr,15,healthy,,,,2026-09-02 06:22:10.580524+00,f,,
144,History Test Camera,Traffic Police,0101000020E610000000000000002052400000000000003740,ip,traffic-police,offline,nvr,15,healthy,,,,2026-09-02 06:22:10.614527+00,f,,
145,History Test Camera,Traffic Police,0101000020E610000000000000002052400000000000003740,ip,traffic-police,offline,nvr,15,healthy,,,,2026-09-02 06:22:10.655277+00,f,,
146,Renamed Camera,Traffic Police,0101000020E610000000000000002052400000000000003740,ip,traffic-police,online,nvr,15,healthy,,,,2026-09-02 06:22:10.711963+00,f,,
147,History Test Camera,Traffic Police,0101000020E610000000000000002052400000000000003740,ip,traffic-police,offline,nvr,15,healthy,,,,2026-09-02 06:22:10.748584+00,f,,
148,Renamed Camera,Traffic Police,0101000020E610000000000000002052400000000000003740,ip,traffic-police,online,nvr,15,healthy,,,,2026-09-02 06:22:10.786595+00,f,,
149,Uptime Test Camera,Traffic Police,0101000020E610000000000000002052400000000000003740,ip,traffic-police,online,nvr,15,healthy,,,,2026-09-02 06:22:10.834917+00,f,,
150,Uptime Test Camera,Traffic Police,0101000020E610000000000000002052400000000000003740,ip,traffic-police,offline,nvr,15,healthy,,,,2026-09-02 06:22:10.860181+00,f,,
151,Uptime Test Camera,Traffic Police,0101000020E610000000000000002052400000000000003740,ip,traffic-police,online,nvr,15,healthy,,,,2026-09-02 06:22:10.888307+00,f,,
153,Bulk Test Camera A,Traffic Police,0101000020E6100000CD3B4ED191245240F6285C8FC2053740,ip,traffic-police,online,nvr,15,healthy,rtsp://demo/bulk-a,,,2026-09-02 06:22:11.009793+00,f,,
154,Audit Test Camera,Traffic Police,0101000020E610000000000000002052400000000000003740,ip,traffic-police,online,nvr,15,healthy,,,,2026-09-02 06:25:59.766004+00,f,,
155,Audit Write Test,Traffic Police,0101000020E610000000000000002052400000000000003740,ip,traffic-police,online,nvr,15,healthy,,,,2026-09-02 06:25:59.919836+00,f,,
156,History Test Camera,Traffic Police,0101000020E610000000000000002052400000000000003740,ip,traffic-police,online,nvr,15,healthy,,,,2026-09-02 06:25:59.948245+00,f,,
157,History Test Camera,Traffic Police,0101000020E610000000000000002052400000000000003740,ip,traffic-police,offline,nvr,15,healthy,,,,2026-09-02 06:26:00.009852+00,f,,
158,History Test Camera,Traffic Police,0101000020E610000000000000002052400000000000003740,ip,traffic-police,offline,nvr,15,healthy,,,,2026-09-02 06:26:00.133972+00,f,,
159,History Test Camera,Traffic Police,0101000020E610000000000000002052400000000000003740,ip,traffic-police,offline,nvr,15,healthy,,,,2026-09-02 06:26:00.229268+00,f,,
160,Renamed Camera,Traffic Police,0101000020E610000000000000002052400000000000003740,ip,traffic-police,online,nvr,15,healthy,,,,2026-09-02 06:26:00.373036+00,f,,
161,History Test Camera,Traffic Police,0101000020E610000000000000002052400000000000003740,ip,traffic-police,offline,nvr,15,healthy,,,,2026-09-02 06:26:00.464652+00,f,,
162,Renamed Camera,Traffic Police,0101000020E610000000000000002052400000000000003740,ip,traffic-police,online,nvr,15,healthy,,,,2026-09-02 06:26:00.553325+00,f,,
163,Uptime Test Camera,Traffic Police,0101000020E610000000000000002052400000000000003740,ip,traffic-police,online,nvr,15,healthy,,,,2026-09-02 06:26:00.65688+00,f,,
164,Uptime Test Camera,Traffic Police,0101000020E610000000000000002052400000000000003740,ip,traffic-police,offline,nvr,15,healthy,,,,2026-09-02 06:26:00.71318+00,f,,
165,Uptime Test Camera,Traffic Police,0101000020E610000000000000002052400000000000003740,ip,traffic-police,online,nvr,15,healthy,,,,2026-09-02 06:26:00.779706+00,f,,
167,Bulk Test Camera A,Traffic Police,0101000020E6100000CD3B4ED191245240F6285C8FC2053740,ip,traffic-police,online,nvr,15,healthy,rtsp://demo/bulk-a,,,2026-09-02 06:26:01.052221+00,f,,
168,Audit Test Camera,Traffic Police,0101000020E610000000000000002052400000000000003740,ip,traffic-police,online,nvr,15,healthy,,,,2026-09-02 06:31:23.884473+00,f,,
169,Audit Write Test,Traffic Police,0101000020E610000000000000002052400000000000003740,ip,traffic-police,online,nvr,15,healthy,,,,2026-09-02 06:31:24.034782+00,f,,
170,History Test Camera,Traffic Police,0101000020E610000000000000002052400000000000003740,ip,traffic-police,online,nvr,15,healthy,,,,2026-09-02 06:31:24.069312+00,f,,
171,History Test Camera,Traffic Police,0101000020E610000000000000002052400000000000003740,ip,traffic-police,offline,nvr,15,healthy,,,,2026-09-02 06:31:24.137127+00,f,,
172,History Test Camera,Traffic Police,0101000020E610000000000000002052400000000000003740,ip,traffic-police,offline,nvr,15,healthy,,,,2026-09-02 06:31:24.231585+00,f,,
173,History Test Camera,Traffic Police,0101000020E610000000000000002052400000000000003740,ip,traffic-police,offline,nvr,15,healthy,,,,2026-09-02 06:31:24.339588+00,f,,
174,Renamed Camera,Traffic Police,0101000020E610000000000000002052400000000000003740,ip,traffic-police,online,nvr,15,healthy,,,,2026-09-02 06:31:24.481314+00,f,,
175,History Test Camera,Traffic Police,0101000020E610000000000000002052400000000000003740,ip,traffic-police,offline,nvr,15,healthy,,,,2026-09-02 06:31:24.576068+00,f,,
176,Renamed Camera,Traffic Police,0101000020E610000000000000002052400000000000003740,ip,traffic-police,online,nvr,15,healthy,,,,2026-09-02 06:31:24.683415+00,f,,
177,Uptime Test Camera,Traffic Police,0101000020E610000000000000002052400000000000003740,ip,traffic-police,online,nvr,15,healthy,,,,2026-09-02 06:31:24.791896+00,f,,
178,Uptime Test Camera,Traffic Police,0101000020E610000000000000002052400000000000003740,ip,traffic-police,offline,nvr,15,healthy,,,,2026-09-02 06:31:24.847166+00,f,,
179,Uptime Test Camera,Traffic Police,0101000020E610000000000000002052400000000000003740,ip,traffic-police,online,nvr,15,healthy,,,,2026-09-02 06:31:24.944302+00,f,,
181,Bulk Test Camera A,Traffic Police,0101000020E6100000CD3B4ED191245240F6285C8FC2053740,ip,traffic-police,online,nvr,15,healthy,rtsp://demo/bulk-a,,,2026-09-02 06:31:25.19691+00,f,,
182,Scope Test Camera,Traffic Police,0101000020E610000000000000002052400000000000003740,ip,traffic-police,online,nvr,15,healthy,,,,2026-09-02 06:34:19.238737+00,f,,
183,Other Dept Camera,Home / Police,0101000020E610000000000000002052400000000000003740,ip,traffic-police,online,nvr,15,healthy,,,,2026-09-02 06:34:19.294944+00,f,,
184,Scope Test Camera,Traffic Police,0101000020E610000000000000002052400000000000003740,ip,traffic-police,online,nvr,15,healthy,,,,2026-09-02 06:34:19.339483+00,f,,
185,Other Dept Camera,Home / Police,0101000020E610000000000000002052400000000000003740,ip,traffic-police,online,nvr,15,healthy,,,,2026-09-02 06:34:19.363254+00,f,,
186,Scope Test Camera,Traffic Police,0101000020E610000000000000002052400000000000003740,ip,traffic-police,online,nvr,15,healthy,,,,2026-09-02 06:34:19.832679+00,f,,
187,Scope Test Camera,Traffic Police,0101000020E610000000000000002052400000000000003740,ip,traffic-police,online,nvr,15,healthy,,,,2026-09-02 06:34:42.8675+00,f,,
188,Other Dept Camera,Home / Police,0101000020E610000000000000002052400000000000003740,ip,traffic-police,online,nvr,15,healthy,,,,2026-09-02 06:34:42.920598+00,f,,
189,Scope Test Camera,Traffic Police,0101000020E610000000000000002052400000000000003740,ip,traffic-police,online,nvr,15,healthy,,,,2026-09-02 06:34:42.974163+00,f,,
190,Other Dept Camera,Home / Police,0101000020E610000000000000002052400000000000003740,ip,traffic-police,online,nvr,15,healthy,,,,2026-09-02 06:34:42.998428+00,f,,
191,Scope Test Camera,Traffic Police,0101000020E610000000000000002052400000000000003740,ip,traffic-police,online,nvr,15,healthy,,,,2026-09-02 06:34:43.090692+00,f,,
192,Audit Test Camera,Traffic Police,0101000020E610000000000000002052400000000000003740,ip,traffic-police,online,nvr,15,healthy,,,,2026-09-02 06:35:10.06147+00,f,,
193,Audit Write Test,Traffic Police,0101000020E610000000000000002052400000000000003740,ip,traffic-police,online,nvr,15,healthy,,,,2026-09-02 06:35:10.200227+00,f,,
194,Scope Test Camera,Traffic Police,0101000020E610000000000000002052400000000000003740,ip,traffic-police,online,nvr,15,healthy,,,,2026-09-02 06:35:10.232152+00,f,,
195,Other Dept Camera,Home / Police,0101000020E610000000000000002052400000000000003740,ip,traffic-police,online,nvr,15,healthy,,,,2026-09-02 06:35:10.257552+00,f,,
196,Scope Test Camera,Traffic Police,0101000020E610000000000000002052400000000000003740,ip,traffic-police,online,nvr,15,healthy,,,,2026-09-02 06:35:10.300237+00,f,,
197,Other Dept Camera,Home / Police,0101000020E610000000000000002052400000000000003740,ip,traffic-police,online,nvr,15,healthy,,,,2026-09-02 06:35:10.32418+00,f,,
198,Scope Test Camera,Traffic Police,0101000020E610000000000000002052400000000000003740,ip,traffic-police,online,nvr,15,healthy,,,,2026-09-02 06:35:10.395605+00,f,,
199,History Test Camera,Traffic Police,0101000020E610000000000000002052400000000000003740,ip,traffic-police,online,nvr,15,healthy,,,,2026-09-02 06:35:10.430416+00,f,,
200,History Test Camera,Traffic Police,0101000020E610000000000000002052400000000000003740,ip,traffic-police,offline,nvr,15,healthy,,,,2026-09-02 06:35:10.496455+00,f,,
201,History Test Camera,Traffic Police,0101000020E610000000000000002052400000000000003740,ip,traffic-police,offline,nvr,15,healthy,,,,2026-09-02 06:35:10.57396+00,f,,
202,History Test Camera,Traffic Police,0101000020E610000000000000002052400000000000003740,ip,traffic-police,offline,nvr,15,healthy,,,,2026-09-02 06:35:10.687243+00,f,,
203,Renamed Camera,Traffic Police,0101000020E610000000000000002052400000000000003740,ip,traffic-police,online,nvr,15,healthy,,,,2026-09-02 06:35:10.814303+00,f,,
204,History Test Camera,Traffic Police,0101000020E610000000000000002052400000000000003740,ip,traffic-police,offline,nvr,15,healthy,,,,2026-09-02 06:35:10.892903+00,f,,
205,Renamed Camera,Traffic Police,0101000020E610000000000000002052400000000000003740,ip,traffic-police,online,nvr,15,healthy,,,,2026-09-02 06:35:10.993336+00,f,,
206,Uptime Test Camera,Traffic Police,0101000020E610000000000000002052400000000000003740,ip,traffic-police,online,nvr,15,healthy,,,,2026-09-02 06:35:11.101463+00,f,,
207,Uptime Test Camera,Traffic Police,0101000020E610000000000000002052400000000000003740,ip,traffic-police,offline,nvr,15,healthy,,,,2026-09-02 06:35:11.154876+00,f,,
208,Uptime Test Camera,Traffic Police,0101000020E610000000000000002052400000000000003740,ip,traffic-police,online,nvr,15,healthy,,,,2026-09-02 06:35:11.219473+00,f,,
210,Bulk Test Camera A,Traffic Police,0101000020E6100000CD3B4ED191245240F6285C8FC2053740,ip,traffic-police,online,nvr,15,healthy,rtsp://demo/bulk-a,,,2026-09-02 06:35:11.507326+00,f,,
211,Audit Test Camera,Traffic Police,0101000020E610000000000000002052400000000000003740,ip,traffic-police,online,nvr,15,healthy,,,,2026-09-02 08:03:13.95291+00,f,,
212,Audit Write Test,Traffic Police,0101000020E610000000000000002052400000000000003740,ip,traffic-police,online,nvr,15,healthy,,,,2026-09-02 08:03:14.013291+00,f,,
213,Scope Test Camera,Traffic Police,0101000020E610000000000000002052400000000000003740,ip,traffic-police,online,nvr,15,healthy,,,,2026-09-02 08:03:14.024575+00,f,,
214,Other Dept Camera,Home / Police,0101000020E610000000000000002052400000000000003740,ip,traffic-police,online,nvr,15,healthy,,,,2026-09-02 08:03:14.033207+00,f,,
215,Scope Test Camera,Traffic Police,0101000020E610000000000000002052400000000000003740,ip,traffic-police,online,nvr,15,healthy,,,,2026-09-02 08:03:14.04853+00,f,,
216,Other Dept Camera,Home / Police,0101000020E610000000000000002052400000000000003740,ip,traffic-police,online,nvr,15,healthy,,,,2026-09-02 08:03:14.059253+00,f,,
217,Scope Test Camera,Traffic Police,0101000020E610000000000000002052400000000000003740,ip,traffic-police,online,nvr,15,healthy,,,,2026-09-02 08:03:14.085628+00,f,,
218,History Test Camera,Traffic Police,0101000020E610000000000000002052400000000000003740,ip,traffic-police,online,nvr,15,healthy,,,,2026-09-02 08:03:14.09862+00,f,,
219,History Test Camera,Traffic Police,0101000020E610000000000000002052400000000000003740,ip,traffic-police,offline,nvr,15,healthy,,,,2026-09-02 08:03:14.121889+00,f,,
220,History Test Camera,Traffic Police,0101000020E610000000000000002052400000000000003740,ip,traffic-police,offline,nvr,15,healthy,,,,2026-09-02 08:03:14.154505+00,f,,
221,History Test Camera,Traffic Police,0101000020E610000000000000002052400000000000003740,ip,traffic-police,offline,nvr,15,healthy,,,,2026-09-02 08:03:14.192806+00,f,,
222,Renamed Camera,Traffic Police,0101000020E610000000000000002052400000000000003740,ip,traffic-police,online,nvr,15,healthy,,,,2026-09-02 08:03:14.240926+00,f,,
223,History Test Camera,Traffic Police,0101000020E610000000000000002052400000000000003740,ip,traffic-police,offline,nvr,15,healthy,,,,2026-09-02 08:03:14.273355+00,f,,
224,Renamed Camera,Traffic Police,0101000020E610000000000000002052400000000000003740,ip,traffic-police,online,nvr,15,healthy,,,,2026-09-02 08:03:14.304587+00,f,,
225,Uptime Test Camera,Traffic Police,0101000020E610000000000000002052400000000000003740,ip,traffic-police,online,nvr,15,healthy,,,,2026-09-02 08:03:14.345304+00,f,,
226,Uptime Test Camera,Traffic Police,0101000020E610000000000000002052400000000000003740,ip,traffic-police,offline,nvr,15,healthy,,,,2026-09-02 08:03:14.370966+00,f,,
227,Uptime Test Camera,Traffic Police,0101000020E610000000000000002052400000000000003740,ip,traffic-police,online,nvr,15,healthy,,,,2026-09-02 08:03:14.399991+00,f,,
229,Bulk Test Camera A,Traffic Police,0101000020E6100000CD3B4ED191245240F6285C8FC2053740,ip,traffic-police,online,nvr,15,healthy,rtsp://demo/bulk-a,,,2026-09-02 08:03:14.505426+00,f,,
230,Audit Test Camera,Traffic Police,0101000020E610000000000000002052400000000000003740,ip,traffic-police,online,nvr,15,healthy,,,,2026-09-02 11:35:43.921778+00,f,,
231,Audit Write Test,Traffic Police,0101000020E610000000000000002052400000000000003740,ip,traffic-police,online,nvr,15,healthy,,,,2026-09-02 11:35:44.045341+00,f,,
232,History Test Camera,Traffic Police,0101000020E610000000000000002052400000000000003740,ip,traffic-police,online,nvr,15,healthy,,,,2026-09-02 11:35:44.056343+00,f,,
233,History Test Camera,Traffic Police,0101000020E610000000000000002052400000000000003740,ip,traffic-police,offline,nvr,15,healthy,,,,2026-09-02 11:35:44.086594+00,f,,
234,History Test Camera,Traffic Police,0101000020E610000000000000002052400000000000003740,ip,traffic-police,offline,nvr,15,healthy,,,,2026-09-02 11:35:44.135455+00,f,,
235,History Test Camera,Traffic Police,0101000020E610000000000000002052400000000000003740,ip,traffic-police,offline,nvr,15,healthy,,,,2026-09-02 11:35:44.187441+00,f,,
236,Renamed Camera,Traffic Police,0101000020E610000000000000002052400000000000003740,ip,traffic-police,online,nvr,15,healthy,,,,2026-09-02 11:35:44.245718+00,f,,
237,History Test Camera,Traffic Police,0101000020E610000000000000002052400000000000003740,ip,traffic-police,offline,nvr,15,healthy,,,,2026-09-02 11:35:44.282329+00,f,,
238,Renamed Camera,Traffic Police,0101000020E610000000000000002052400000000000003740,ip,traffic-police,online,nvr,15,healthy,,,,2026-09-02 11:35:44.32089+00,f,,
239,Uptime Test Camera,Traffic Police,0101000020E610000000000000002052400000000000003740,ip,traffic-police,online,nvr,15,healthy,,,,2026-09-02 11:35:44.370244+00,f,,
240,Uptime Test Camera,Traffic Police,0101000020E610000000000000002052400000000000003740,ip,traffic-police,offline,nvr,15,healthy,,,,2026-09-02 11:35:44.395506+00,f,,
241,Uptime Test Camera,Traffic Police,0101000020E610000000000000002052400000000000003740,ip,traffic-police,online,nvr,15,healthy,,,,2026-09-02 11:35:44.423828+00,f,,
243,Bulk Test Camera A,Traffic Police,0101000020E6100000CD3B4ED191245240F6285C8FC2053740,ip,traffic-police,online,nvr,15,healthy,rtsp://demo/bulk-a,,,2026-09-02 11:35:44.528884+00,f,,
244,Audit Test Camera,Traffic Police,0101000020E610000000000000002052400000000000003740,ip,traffic-police,online,nvr,15,healthy,,,,2026-09-02 12:10:31.861369+00,f,,
245,Audit Write Test,Traffic Police,0101000020E610000000000000002052400000000000003740,ip,traffic-police,online,nvr,15,healthy,,,,2026-09-02 12:10:31.929922+00,f,,
246,Scope Test Camera,Traffic Police,0101000020E610000000000000002052400000000000003740,ip,traffic-police,online,nvr,15,healthy,,,,2026-09-02 12:10:31.941596+00,f,,
247,Other Dept Camera,Home / Police,0101000020E610000000000000002052400000000000003740,ip,traffic-police,online,nvr,15,healthy,,,,2026-09-02 12:10:31.950562+00,f,,
248,Scope Test Camera,Traffic Police,0101000020E610000000000000002052400000000000003740,ip,traffic-police,online,nvr,15,healthy,,,,2026-09-02 12:10:31.970327+00,f,,
249,Other Dept Camera,Home / Police,0101000020E610000000000000002052400000000000003740,ip,traffic-police,online,nvr,15,healthy,,,,2026-09-02 12:10:31.980807+00,f,,
250,Scope Test Camera,Traffic Police,0101000020E610000000000000002052400000000000003740,ip,traffic-police,online,nvr,15,healthy,,,,2026-09-02 12:10:32.015715+00,f,,
251,History Test Camera,Traffic Police,0101000020E610000000000000002052400000000000003740,ip,traffic-police,online,nvr,15,healthy,,,,2026-09-02 12:10:32.029452+00,f,,
252,History Test Camera,Traffic Police,0101000020E610000000000000002052400000000000003740,ip,traffic-police,offline,nvr,15,healthy,,,,2026-09-02 12:10:32.061495+00,f,,
253,History Test Camera,Traffic Police,0101000020E610000000000000002052400000000000003740,ip,traffic-police,offline,nvr,15,healthy,,,,2026-09-02 12:10:32.098751+00,f,,
254,History Test Camera,Traffic Police,0101000020E610000000000000002052400000000000003740,ip,traffic-police,offline,nvr,15,healthy,,,,2026-09-02 12:10:32.139327+00,f,,
255,Renamed Camera,Traffic Police,0101000020E610000000000000002052400000000000003740,ip,traffic-police,online,nvr,15,healthy,,,,2026-09-02 12:10:32.188244+00,f,,
256,History Test Camera,Traffic Police,0101000020E610000000000000002052400000000000003740,ip,traffic-police,offline,nvr,15,healthy,,,,2026-09-02 12:10:32.229941+00,f,,
257,Renamed Camera,Traffic Police,0101000020E610000000000000002052400000000000003740,ip,traffic-police,online,nvr,15,healthy,,,,2026-09-02 12:10:32.265953+00,f,,
258,Uptime Test Camera,Traffic Police,0101000020E610000000000000002052400000000000003740,ip,traffic-police,online,nvr,15,healthy,,,,2026-09-02 12:10:32.312993+00,f,,
259,Uptime Test Camera,Traffic Police,0101000020E610000000000000002052400000000000003740,ip,traffic-police,offline,nvr,15,healthy,,,,2026-09-02 12:10:32.339565+00,f,,
260,Uptime Test Camera,Traffic Police,0101000020E610000000000000002052400000000000003740,ip,traffic-police,online,nvr,15,healthy,,,,2026-09-02 12:10:32.370523+00,f,,
262,Bulk Test Camera A,Traffic Police,0101000020E6100000CD3B4ED191245240F6285C8FC2053740,ip,traffic-police,online,nvr,15,healthy,rtsp://demo/bulk-a,,,2026-09-02 12:10:32.480489+00,f,,
263,Audit Test Camera,Traffic Police,0101000020E610000000000000002052400000000000003740,ip,traffic-police,online,nvr,15,healthy,,,,2026-09-02 12:14:47.642558+00,f,,
264,Audit Write Test,Traffic Police,0101000020E610000000000000002052400000000000003740,ip,traffic-police,online,nvr,15,healthy,,,,2026-09-02 12:14:47.706178+00,f,,
265,Scope Test Camera,Traffic Police,0101000020E610000000000000002052400000000000003740,ip,traffic-police,online,nvr,15,healthy,,,,2026-09-02 12:14:47.718872+00,f,,
266,Other Dept Camera,Home / Police,0101000020E610000000000000002052400000000000003740,ip,traffic-police,online,nvr,15,healthy,,,,2026-09-02 12:14:47.728466+00,f,,
267,Scope Test Camera,Traffic Police,0101000020E610000000000000002052400000000000003740,ip,traffic-police,online,nvr,15,healthy,,,,2026-09-02 12:14:47.748452+00,f,,
268,Other Dept Camera,Home / Police,0101000020E610000000000000002052400000000000003740,ip,traffic-police,online,nvr,15,healthy,,,,2026-09-02 12:14:47.761051+00,f,,
269,Scope Test Camera,Traffic Police,0101000020E610000000000000002052400000000000003740,ip,traffic-police,online,nvr,15,healthy,,,,2026-09-02 12:14:47.796086+00,f,,
270,History Test Camera,Traffic Police,0101000020E610000000000000002052400000000000003740,ip,traffic-police,online,nvr,15,healthy,,,,2026-09-02 12:14:47.809601+00,f,,
271,History Test Camera,Traffic Police,0101000020E610000000000000002052400000000000003740,ip,traffic-police,offline,nvr,15,healthy,,,,2026-09-02 12:14:47.856405+00,f,,
272,History Test Camera,Traffic Police,0101000020E610000000000000002052400000000000003740,ip,traffic-police,offline,nvr,15,healthy,,,,2026-09-02 12:14:47.894833+00,f,,
273,History Test Camera,Traffic Police,0101000020E610000000000000002052400000000000003740,ip,traffic-police,offline,nvr,15,healthy,,,,2026-09-02 12:14:47.938686+00,f,,
274,Renamed Camera,Traffic Police,0101000020E610000000000000002052400000000000003740,ip,traffic-police,online,nvr,15,healthy,,,,2026-09-02 12:14:47.99487+00,f,,
275,History Test Camera,Traffic Police,0101000020E610000000000000002052400000000000003740,ip,traffic-police,offline,nvr,15,healthy,,,,2026-09-02 12:14:48.034002+00,f,,
276,Renamed Camera,Traffic Police,0101000020E610000000000000002052400000000000003740,ip,traffic-police,online,nvr,15,healthy,,,,2026-09-02 12:14:48.07259+00,f,,
277,Uptime Test Camera,Traffic Police,0101000020E610000000000000002052400000000000003740,ip,traffic-police,online,nvr,15,healthy,,,,2026-09-02 12:14:48.128548+00,f,,
278,Uptime Test Camera,Traffic Police,0101000020E610000000000000002052400000000000003740,ip,traffic-police,offline,nvr,15,healthy,,,,2026-09-02 12:14:48.157566+00,f,,
279,Uptime Test Camera,Traffic Police,0101000020E610000000000000002052400000000000003740,ip,traffic-police,online,nvr,15,healthy,,,,2026-09-02 12:14:48.19194+00,f,,
281,Bulk Test Camera A,Traffic Police,0101000020E6100000CD3B4ED191245240F6285C8FC2053740,ip,traffic-police,online,nvr,15,healthy,rtsp://demo/bulk-a,,,2026-09-02 12:14:48.324959+00,f,,
282,Audit Test Camera,Traffic Police,0101000020E610000000000000002052400000000000003740,ip,traffic-police,online,nvr,15,healthy,,,,2026-09-02 12:16:12.332149+00,f,,
283,Audit Write Test,Traffic Police,0101000020E610000000000000002052400000000000003740,ip,traffic-police,online,nvr,15,healthy,,,,2026-09-02 12:16:12.388616+00,f,,
284,Scope Test Camera,Traffic Police,0101000020E610000000000000002052400000000000003740,ip,traffic-police,online,nvr,15,healthy,,,,2026-09-02 12:16:12.401264+00,f,,
285,Other Dept Camera,Home / Police,0101000020E610000000000000002052400000000000003740,ip,traffic-police,online,nvr,15,healthy,,,,2026-09-02 12:16:12.411011+00,f,,
286,Scope Test Camera,Traffic Police,0101000020E610000000000000002052400000000000003740,ip,traffic-police,online,nvr,15,healthy,,,,2026-09-02 12:16:12.431119+00,f,,
287,Other Dept Camera,Home / Police,0101000020E610000000000000002052400000000000003740,ip,traffic-police,online,nvr,15,healthy,,,,2026-09-02 12:16:12.440635+00,f,,
288,Scope Test Camera,Traffic Police,0101000020E610000000000000002052400000000000003740,ip,traffic-police,online,nvr,15,healthy,,,,2026-09-02 12:16:12.476154+00,f,,
289,History Test Camera,Traffic Police,0101000020E610000000000000002052400000000000003740,ip,traffic-police,online,nvr,15,healthy,,,,2026-09-02 12:16:12.491663+00,f,,
290,History Test Camera,Traffic Police,0101000020E610000000000000002052400000000000003740,ip,traffic-police,offline,nvr,15,healthy,,,,2026-09-02 12:16:12.517384+00,f,,
291,History Test Camera,Traffic Police,0101000020E610000000000000002052400000000000003740,ip,traffic-police,offline,nvr,15,healthy,,,,2026-09-02 12:16:12.552299+00,f,,
292,History Test Camera,Traffic Police,0101000020E610000000000000002052400000000000003740,ip,traffic-police,offline,nvr,15,healthy,,,,2026-09-02 12:16:12.614282+00,f,,
293,Renamed Camera,Traffic Police,0101000020E610000000000000002052400000000000003740,ip,traffic-police,online,nvr,15,healthy,,,,2026-09-02 12:16:12.677466+00,f,,
294,History Test Camera,Traffic Police,0101000020E610000000000000002052400000000000003740,ip,traffic-police,offline,nvr,15,healthy,,,,2026-09-02 12:16:12.720192+00,f,,
295,Renamed Camera,Traffic Police,0101000020E610000000000000002052400000000000003740,ip,traffic-police,online,nvr,15,healthy,,,,2026-09-02 12:16:12.784965+00,f,,
296,Uptime Test Camera,Traffic Police,0101000020E610000000000000002052400000000000003740,ip,traffic-police,online,nvr,15,healthy,,,,2026-09-02 12:16:12.847151+00,f,,
297,Uptime Test Camera,Traffic Police,0101000020E610000000000000002052400000000000003740,ip,traffic-police,offline,nvr,15,healthy,,,,2026-09-02 12:16:12.872002+00,f,,
298,Uptime Test Camera,Traffic Police,0101000020E610000000000000002052400000000000003740,ip,traffic-police,online,nvr,15,healthy,,,,2026-09-02 12:16:12.905332+00,f,,
300,Bulk Test Camera A,Traffic Police,0101000020E6100000CD3B4ED191245240F6285C8FC2053740,ip,traffic-police,online,nvr,15,healthy,rtsp://demo/bulk-a,,,2026-09-02 12:16:13.027024+00,f,,
301,Audit Test Camera,Traffic Police,0101000020E610000000000000002052400000000000003740,ip,traffic-police,online,nvr,15,healthy,,,,2026-09-02 13:09:22.869966+00,f,,
302,Audit Write Test,Traffic Police,0101000020E610000000000000002052400000000000003740,ip,traffic-police,online,nvr,15,healthy,,,,2026-09-02 13:09:22.943784+00,f,,
303,Scope Test Camera,Traffic Police,0101000020E610000000000000002052400000000000003740,ip,traffic-police,online,nvr,15,healthy,,,,2026-09-02 13:09:22.956024+00,f,,
304,Other Dept Camera,Home / Police,0101000020E610000000000000002052400000000000003740,ip,traffic-police,online,nvr,15,healthy,,,,2026-09-02 13:09:22.965168+00,f,,
305,Scope Test Camera,Traffic Police,0101000020E610000000000000002052400000000000003740,ip,traffic-police,online,nvr,15,healthy,,,,2026-09-02 13:09:22.982876+00,f,,
306,Other Dept Camera,Home / Police,0101000020E610000000000000002052400000000000003740,ip,traffic-police,online,nvr,15,healthy,,,,2026-09-02 13:09:22.993409+00,f,,
307,Scope Test Camera,Traffic Police,0101000020E610000000000000002052400000000000003740,ip,traffic-police,online,nvr,15,healthy,,,,2026-09-02 13:09:23.024369+00,f,,
308,History Test Camera,Traffic Police,0101000020E610000000000000002052400000000000003740,ip,traffic-police,online,nvr,15,healthy,,,,2026-09-02 13:09:23.038552+00,f,,
309,History Test Camera,Traffic Police,0101000020E610000000000000002052400000000000003740,ip,traffic-police,offline,nvr,15,healthy,,,,2026-09-02 13:09:23.062012+00,f,,
310,History Test Camera,Traffic Police,0101000020E610000000000000002052400000000000003740,ip,traffic-police,offline,nvr,15,healthy,,,,2026-09-02 13:09:23.095482+00,f,,
311,History Test Camera,Traffic Police,0101000020E610000000000000002052400000000000003740,ip,traffic-police,offline,nvr,15,healthy,,,,2026-09-02 13:09:23.139228+00,f,,
312,Renamed Camera,Traffic Police,0101000020E610000000000000002052400000000000003740,ip,traffic-police,online,nvr,15,healthy,,,,2026-09-02 13:09:23.204382+00,f,,
313,History Test Camera,Traffic Police,0101000020E610000000000000002052400000000000003740,ip,traffic-police,offline,nvr,15,healthy,,,,2026-09-02 13:09:23.257635+00,f,,
314,Renamed Camera,Traffic Police,0101000020E610000000000000002052400000000000003740,ip,traffic-police,online,nvr,15,healthy,,,,2026-09-02 13:09:23.299454+00,f,,
315,Uptime Test Camera,Traffic Police,0101000020E610000000000000002052400000000000003740,ip,traffic-police,online,nvr,15,healthy,,,,2026-09-02 13:09:23.346382+00,f,,
316,Uptime Test Camera,Traffic Police,0101000020E610000000000000002052400000000000003740,ip,traffic-police,offline,nvr,15,healthy,,,,2026-09-02 13:09:23.37712+00,f,,
317,Uptime Test Camera,Traffic Police,0101000020E610000000000000002052400000000000003740,ip,traffic-police,online,nvr,15,healthy,,,,2026-09-02 13:09:23.402782+00,f,,
319,Bulk Test Camera A,Traffic Police,0101000020E6100000CD3B4ED191245240F6285C8FC2053740,ip,traffic-police,online,nvr,15,healthy,rtsp://demo/bulk-a,,,2026-09-02 13:09:23.511634+00,f,,
320,Schema Test Camera,Traffic Police,0101000020E610000000000000002052400000000000003740,ip,traffic-police,online,nvr,15,operational,,,,2026-09-02 13:18:58.989516+00,f,,
321,Audit Test Camera,Traffic Police,0101000020E610000000000000002052400000000000003740,ip,traffic-police,online,nvr,15,healthy,,,,2026-09-02 13:19:48.059281+00,f,,
322,Audit Write Test,Traffic Police,0101000020E610000000000000002052400000000000003740,ip,traffic-police,online,nvr,15,healthy,,,,2026-09-02 13:19:48.12398+00,f,,
323,Scope Test Camera,Traffic Police,0101000020E610000000000000002052400000000000003740,ip,traffic-police,online,nvr,15,healthy,,,,2026-09-02 13:19:48.135267+00,f,,
324,Other Dept Camera,Home / Police,0101000020E610000000000000002052400000000000003740,ip,traffic-police,online,nvr,15,healthy,,,,2026-09-02 13:19:48.143655+00,f,,
325,Scope Test Camera,Traffic Police,0101000020E610000000000000002052400000000000003740,ip,traffic-police,online,nvr,15,healthy,,,,2026-09-02 13:19:48.161154+00,f,,
326,Other Dept Camera,Home / Police,0101000020E610000000000000002052400000000000003740,ip,traffic-police,online,nvr,15,healthy,,,,2026-09-02 13:19:48.171915+00,f,,
327,Scope Test Camera,Traffic Police,0101000020E610000000000000002052400000000000003740,ip,traffic-police,online,nvr,15,healthy,,,,2026-09-02 13:19:48.200836+00,f,,
328,History Test Camera,Traffic Police,0101000020E610000000000000002052400000000000003740,ip,traffic-police,online,nvr,15,healthy,,,,2026-09-02 13:19:48.214074+00,f,,
329,History Test Camera,Traffic Police,0101000020E610000000000000002052400000000000003740,ip,traffic-police,offline,nvr,15,healthy,,,,2026-09-02 13:19:48.238735+00,f,,
330,History Test Camera,Traffic Police,0101000020E610000000000000002052400000000000003740,ip,traffic-police,offline,nvr,15,healthy,,,,2026-09-02 13:19:48.271589+00,f,,
331,History Test Camera,Traffic Police,0101000020E610000000000000002052400000000000003740,ip,traffic-police,offline,nvr,15,healthy,,,,2026-09-02 13:19:48.31035+00,f,,
332,Renamed Camera,Traffic Police,0101000020E610000000000000002052400000000000003740,ip,traffic-police,online,nvr,15,healthy,,,,2026-09-02 13:19:48.359319+00,f,,
333,History Test Camera,Traffic Police,0101000020E610000000000000002052400000000000003740,ip,traffic-police,offline,nvr,15,healthy,,,,2026-09-02 13:19:48.394801+00,f,,
334,Renamed Camera,Traffic Police,0101000020E610000000000000002052400000000000003740,ip,traffic-police,online,nvr,15,healthy,,,,2026-09-02 13:19:48.43122+00,f,,
335,Uptime Test Camera,Traffic Police,0101000020E610000000000000002052400000000000003740,ip,traffic-police,online,nvr,15,healthy,,,,2026-09-02 13:19:48.484192+00,f,,
336,Uptime Test Camera,Traffic Police,0101000020E610000000000000002052400000000000003740,ip,traffic-police,offline,nvr,15,healthy,,,,2026-09-02 13:19:48.510609+00,f,,
337,Uptime Test Camera,Traffic Police,0101000020E610000000000000002052400000000000003740,ip,traffic-police,online,nvr,15,healthy,,,,2026-09-02 13:19:48.53685+00,f,,
339,Bulk Test Camera A,Traffic Police,0101000020E6100000CD3B4ED191245240F6285C8FC2053740,ip,traffic-police,online,nvr,15,healthy,rtsp://demo/bulk-a,,,2026-09-02 13:19:48.638102+00,f,,
340,Schema Test Camera,Traffic Police,0101000020E610000000000000002052400000000000003740,ip,traffic-police,online,nvr,15,operational,,,,2026-09-02 13:20:01.000815+00,f,,
341,Audit Test Camera,Traffic Police,0101000020E610000000000000002052400000000000003740,ip,traffic-police,online,nvr,15,healthy,,,,2026-09-02 13:50:14.253899+00,f,,
342,Audit Write Test,Traffic Police,0101000020E610000000000000002052400000000000003740,ip,traffic-police,online,nvr,15,healthy,,,,2026-09-02 13:50:14.312175+00,f,,
343,Scope Test Camera,Traffic Police,0101000020E610000000000000002052400000000000003740,ip,traffic-police,online,nvr,15,healthy,,,,2026-09-02 13:50:14.323465+00,f,,
344,Other Dept Camera,Home / Police,0101000020E610000000000000002052400000000000003740,ip,traffic-police,online,nvr,15,healthy,,,,2026-09-02 13:50:14.332233+00,f,,
345,Scope Test Camera,Traffic Police,0101000020E610000000000000002052400000000000003740,ip,traffic-police,online,nvr,15,healthy,,,,2026-09-02 13:50:14.350006+00,f,,
346,Other Dept Camera,Home / Police,0101000020E610000000000000002052400000000000003740,ip,traffic-police,online,nvr,15,healthy,,,,2026-09-02 13:50:14.358518+00,f,,
347,Scope Test Camera,Traffic Police,0101000020E610000000000000002052400000000000003740,ip,traffic-police,online,nvr,15,healthy,,,,2026-09-02 13:50:14.387325+00,f,,
348,History Test Camera,Traffic Police,0101000020E610000000000000002052400000000000003740,ip,traffic-police,online,nvr,15,healthy,,,,2026-09-02 13:50:14.401417+00,f,,
349,History Test Camera,Traffic Police,0101000020E610000000000000002052400000000000003740,ip,traffic-police,offline,nvr,15,healthy,,,,2026-09-02 13:50:14.43967+00,f,,
350,History Test Camera,Traffic Police,0101000020E610000000000000002052400000000000003740,ip,traffic-police,offline,nvr,15,healthy,,,,2026-09-02 13:50:14.471965+00,f,,
351,History Test Camera,Traffic Police,0101000020E610000000000000002052400000000000003740,ip,traffic-police,offline,nvr,15,healthy,,,,2026-09-02 13:50:14.51077+00,f,,
352,Renamed Camera,Traffic Police,0101000020E610000000000000002052400000000000003740,ip,traffic-police,online,nvr,15,healthy,,,,2026-09-02 13:50:14.561458+00,f,,
353,History Test Camera,Traffic Police,0101000020E610000000000000002052400000000000003740,ip,traffic-police,offline,nvr,15,healthy,,,,2026-09-02 13:50:14.59521+00,f,,
354,Renamed Camera,Traffic Police,0101000020E610000000000000002052400000000000003740,ip,traffic-police,online,nvr,15,healthy,,,,2026-09-02 13:50:14.627629+00,f,,
355,Uptime Test Camera,Traffic Police,0101000020E610000000000000002052400000000000003740,ip,traffic-police,online,nvr,15,healthy,,,,2026-09-02 13:50:14.674622+00,f,,
356,Uptime Test Camera,Traffic Police,0101000020E610000000000000002052400000000000003740,ip,traffic-police,offline,nvr,15,healthy,,,,2026-09-02 13:50:14.697733+00,f,,
357,Uptime Test Camera,Traffic Police,0101000020E610000000000000002052400000000000003740,ip,traffic-police,online,nvr,15,healthy,,,,2026-09-02 13:50:14.722983+00,f,,
359,Bulk Test Camera A,Traffic Police,0101000020E6100000CD3B4ED191245240F6285C8FC2053740,ip,traffic-police,online,nvr,15,healthy,rtsp://demo/bulk-a,,,2026-09-02 13:50:14.820328+00,f,,
1103,Audit Test Camera,Traffic Police,0101000020E610000000000000002052400000000000003740,ip,traffic-police,online,nvr,15,healthy,,,,2026-09-02 13:54:19.423976+00,f,,
1104,Audit Write Test,Traffic Police,0101000020E610000000000000002052400000000000003740,ip,traffic-police,online,nvr,15,healthy,,,,2026-09-02 13:54:19.479949+00,f,,
1105,Scope Test Camera,Traffic Police,0101000020E610000000000000002052400000000000003740,ip,traffic-police,online,nvr,15,healthy,,,,2026-09-02 13:54:19.491427+00,f,,
1106,Other Dept Camera,Home / Police,0101000020E610000000000000002052400000000000003740,ip,traffic-police,online,nvr,15,healthy,,,,2026-09-02 13:54:19.501055+00,f,,
1107,Scope Test Camera,Traffic Police,0101000020E610000000000000002052400000000000003740,ip,traffic-police,online,nvr,15,healthy,,,,2026-09-02 13:54:19.520341+00,f,,
1108,Other Dept Camera,Home / Police,0101000020E610000000000000002052400000000000003740,ip,traffic-police,online,nvr,15,healthy,,,,2026-09-02 13:54:19.530262+00,f,,
1109,Scope Test Camera,Traffic Police,0101000020E610000000000000002052400000000000003740,ip,traffic-police,online,nvr,15,healthy,,,,2026-09-02 13:54:19.568646+00,f,,
1110,History Test Camera,Traffic Police,0101000020E610000000000000002052400000000000003740,ip,traffic-police,online,nvr,15,healthy,,,,2026-09-02 13:54:19.585972+00,f,,
1111,History Test Camera,Traffic Police,0101000020E610000000000000002052400000000000003740,ip,traffic-police,offline,nvr,15,healthy,,,,2026-09-02 13:54:19.615863+00,f,,
1112,History Test Camera,Traffic Police,0101000020E610000000000000002052400000000000003740,ip,traffic-police,offline,nvr,15,healthy,,,,2026-09-02 13:54:19.653611+00,f,,
1113,History Test Camera,Traffic Police,0101000020E610000000000000002052400000000000003740,ip,traffic-police,offline,nvr,15,healthy,,,,2026-09-02 13:54:19.69645+00,f,,
1114,Renamed Camera,Traffic Police,0101000020E610000000000000002052400000000000003740,ip,traffic-police,online,nvr,15,healthy,,,,2026-09-02 13:54:19.748081+00,f,,
1115,History Test Camera,Traffic Police,0101000020E610000000000000002052400000000000003740,ip,traffic-police,offline,nvr,15,healthy,,,,2026-09-02 13:54:19.780345+00,f,,
1116,Renamed Camera,Traffic Police,0101000020E610000000000000002052400000000000003740,ip,traffic-police,online,nvr,15,healthy,,,,2026-09-02 13:54:19.820475+00,f,,
1117,Uptime Test Camera,Traffic Police,0101000020E610000000000000002052400000000000003740,ip,traffic-police,online,nvr,15,healthy,,,,2026-09-02 13:54:19.866882+00,f,,
1118,Uptime Test Camera,Traffic Police,0101000020E610000000000000002052400000000000003740,ip,traffic-police,offline,nvr,15,healthy,,,,2026-09-02 13:54:19.889084+00,f,,
1119,Uptime Test Camera,Traffic Police,0101000020E610000000000000002052400000000000003740,ip,traffic-police,online,nvr,15,healthy,,,,2026-09-02 13:54:19.915167+00,f,,
1121,Bulk Test Camera A,Traffic Police,0101000020E6100000CD3B4ED191245240F6285C8FC2053740,ip,traffic-police,online,nvr,15,healthy,rtsp://demo/bulk-a,,,2026-09-02 13:54:20.022203+00,f,,
2172,Audit Test Camera,Traffic Police,0101000020E610000000000000002052400000000000003740,ip,traffic-police,online,nvr,15,healthy,,,,2026-09-02 15:58:01.655416+00,f,,
2173,Audit Write Test,Traffic Police,0101000020E610000000000000002052400000000000003740,ip,traffic-police,online,nvr,15,healthy,,,,2026-09-02 15:58:01.715277+00,f,,
2276,Scope Test Camera,Traffic Police,0101000020E610000000000000002052400000000000003740,ip,traffic-police,online,nvr,15,healthy,,,,2026-09-02 15:58:01.865649+00,f,,
2277,Other Dept Camera,Home / Police,0101000020E610000000000000002052400000000000003740,ip,traffic-police,online,nvr,15,healthy,,,,2026-09-02 15:58:01.874566+00,f,,
2278,Scope Test Camera,Traffic Police,0101000020E610000000000000002052400000000000003740,ip,traffic-police,online,nvr,15,healthy,,,,2026-09-02 15:58:01.897451+00,f,,
2279,Other Dept Camera,Home / Police,0101000020E610000000000000002052400000000000003740,ip,traffic-police,online,nvr,15,healthy,,,,2026-09-02 15:58:01.906549+00,f,,
2280,Scope Test Camera,Traffic Police,0101000020E610000000000000002052400000000000003740,ip,traffic-police,online,nvr,15,healthy,,,,2026-09-02 15:58:01.957168+00,f,,
2281,History Test Camera,Traffic Police,0101000020E610000000000000002052400000000000003740,ip,traffic-police,online,nvr,15,healthy,,,,2026-09-02 15:58:01.974768+00,f,,
2282,History Test Camera,Traffic Police,0101000020E610000000000000002052400000000000003740,ip,traffic-police,offline,nvr,15,healthy,,,,2026-09-02 15:58:02.003913+00,f,,
2283,History Test Camera,Traffic Police,0101000020E610000000000000002052400000000000003740,ip,traffic-police,offline,nvr,15,healthy,,,,2026-09-02 15:58:02.038263+00,f,,
2284,History Test Camera,Traffic Police,0101000020E610000000000000002052400000000000003740,ip,traffic-police,offline,nvr,15,healthy,,,,2026-09-02 15:58:02.081784+00,f,,
2285,Renamed Camera,Traffic Police,0101000020E610000000000000002052400000000000003740,ip,traffic-police,online,nvr,15,healthy,,,,2026-09-02 15:58:02.131822+00,f,,
2286,History Test Camera,Traffic Police,0101000020E610000000000000002052400000000000003740,ip,traffic-police,offline,nvr,15,healthy,,,,2026-09-02 15:58:02.164176+00,f,,
2287,Renamed Camera,Traffic Police,0101000020E610000000000000002052400000000000003740,ip,traffic-police,online,nvr,15,healthy,,,,2026-09-02 15:58:02.222322+00,f,,
2288,Uptime Test Camera,Traffic Police,0101000020E610000000000000002052400000000000003740,ip,traffic-police,online,nvr,15,healthy,,,,2026-09-02 15:58:02.264105+00,f,,
2289,Uptime Test Camera,Traffic Police,0101000020E610000000000000002052400000000000003740,ip,traffic-police,offline,nvr,15,healthy,,,,2026-09-02 15:58:02.29347+00,f,,
2290,Uptime Test Camera,Traffic Police,0101000020E610000000000000002052400000000000003740,ip,traffic-police,online,nvr,15,healthy,,,,2026-09-02 15:58:02.321475+00,f,,
2292,Bulk Test Camera A,Traffic Police,0101000020E6100000CD3B4ED191245240F6285C8FC2053740,ip,traffic-police,online,nvr,15,healthy,rtsp://demo/bulk-a,,,2026-09-02 15:58:02.435578+00,f,,
6052,Audit Test Camera,Traffic Police,0101000020E610000000000000002052400000000000003740,ip,traffic-police,online,nvr,15,healthy,,,,2026-09-02 16:07:01.378446+00,f,,
6053,Audit Write Test,Traffic Police,0101000020E610000000000000002052400000000000003740,ip,traffic-police,online,nvr,15,healthy,,,,2026-09-02 16:07:01.43604+00,f,,
6156,Scope Test Camera,Traffic Police,0101000020E610000000000000002052400000000000003740,ip,traffic-police,online,nvr,15,healthy,,,,2026-09-02 16:07:01.577945+00,f,,
6157,Other Dept Camera,Home / Police,0101000020E610000000000000002052400000000000003740,ip,traffic-police,online,nvr,15,healthy,,,,2026-09-02 16:07:01.586962+00,f,,
6158,Scope Test Camera,Traffic Police,0101000020E610000000000000002052400000000000003740,ip,traffic-police,online,nvr,15,healthy,,,,2026-09-02 16:07:01.610979+00,f,,
6159,Other Dept Camera,Home / Police,0101000020E610000000000000002052400000000000003740,ip,traffic-police,online,nvr,15,healthy,,,,2026-09-02 16:07:01.619868+00,f,,
6160,Scope Test Camera,Traffic Police,0101000020E610000000000000002052400000000000003740,ip,traffic-police,online,nvr,15,healthy,,,,2026-09-02 16:07:01.661246+00,f,,
6161,History Test Camera,Traffic Police,0101000020E610000000000000002052400000000000003740,ip,traffic-police,online,nvr,15,healthy,,,,2026-09-02 16:07:01.674277+00,f,,
6162,History Test Camera,Traffic Police,0101000020E610000000000000002052400000000000003740,ip,traffic-police,offline,nvr,15,healthy,,,,2026-09-02 16:07:01.697275+00,f,,
6163,History Test Camera,Traffic Police,0101000020E610000000000000002052400000000000003740,ip,traffic-police,offline,nvr,15,healthy,,,,2026-09-02 16:07:01.730536+00,f,,
6164,History Test Camera,Traffic Police,0101000020E610000000000000002052400000000000003740,ip,traffic-police,offline,nvr,15,healthy,,,,2026-09-02 16:07:01.769821+00,f,,
6165,Renamed Camera,Traffic Police,0101000020E610000000000000002052400000000000003740,ip,traffic-police,online,nvr,15,healthy,,,,2026-09-02 16:07:01.823832+00,f,,
6166,History Test Camera,Traffic Police,0101000020E610000000000000002052400000000000003740,ip,traffic-police,offline,nvr,15,healthy,,,,2026-09-02 16:07:01.855842+00,f,,
6167,Renamed Camera,Traffic Police,0101000020E610000000000000002052400000000000003740,ip,traffic-police,online,nvr,15,healthy,,,,2026-09-02 16:07:01.889549+00,f,,
6772,Uptime Test Camera,Traffic Police,0101000020E610000000000000002052400000000000003740,ip,traffic-police,online,nvr,15,healthy,,,,2026-09-02 16:07:02.036037+00,f,,
6773,Uptime Test Camera,Traffic Police,0101000020E610000000000000002052400000000000003740,ip,traffic-police,offline,nvr,15,healthy,,,,2026-09-02 16:07:02.060312+00,f,,
6774,Uptime Test Camera,Traffic Police,0101000020E610000000000000002052400000000000003740,ip,traffic-police,online,nvr,15,healthy,,,,2026-09-02 16:07:02.088503+00,f,,
6776,Bulk Test Camera A,Traffic Police,0101000020E6100000CD3B4ED191245240F6285C8FC2053740,ip,traffic-police,online,nvr,15,healthy,rtsp://demo/bulk-a,,,2026-09-02 16:07:02.215411+00,f,,
7520,Audit Test Camera,Traffic Police,0101000020E610000000000000002052400000000000003740,ip,traffic-police,online,nvr,15,healthy,,,,2026-09-02 16:11:55.627796+00,f,,
7521,Audit Write Test,Traffic Police,0101000020E610000000000000002052400000000000003740,ip,traffic-police,online,nvr,15,healthy,,,,2026-09-02 16:11:55.679802+00,f,,
7624,Scope Test Camera,Traffic Police,0101000020E610000000000000002052400000000000003740,ip,traffic-police,online,nvr,15,healthy,,,,2026-09-02 16:11:55.819431+00,f,,
7625,Other Dept Camera,Home / Police,0101000020E610000000000000002052400000000000003740,ip,traffic-police,online,nvr,15,healthy,,,,2026-09-02 16:11:55.827785+00,f,,
7626,Scope Test Camera,Traffic Police,0101000020E610000000000000002052400000000000003740,ip,traffic-police,online,nvr,15,healthy,,,,2026-09-02 16:11:55.852873+00,f,,
7627,Other Dept Camera,Home / Police,0101000020E610000000000000002052400000000000003740,ip,traffic-police,online,nvr,15,healthy,,,,2026-09-02 16:11:55.862333+00,f,,
7628,Scope Test Camera,Traffic Police,0101000020E610000000000000002052400000000000003740,ip,traffic-police,online,nvr,15,healthy,,,,2026-09-02 16:11:55.912598+00,f,,
7629,History Test Camera,Traffic Police,0101000020E610000000000000002052400000000000003740,ip,traffic-police,online,nvr,15,healthy,,,,2026-09-02 16:11:55.928754+00,f,,
7630,History Test Camera,Traffic Police,0101000020E610000000000000002052400000000000003740,ip,traffic-police,offline,nvr,15,healthy,,,,2026-09-02 16:11:55.957486+00,f,,
7631,History Test Camera,Traffic Police,0101000020E610000000000000002052400000000000003740,ip,traffic-police,offline,nvr,15,healthy,,,,2026-09-02 16:11:55.993532+00,f,,
7632,History Test Camera,Traffic Police,0101000020E610000000000000002052400000000000003740,ip,traffic-police,offline,nvr,15,healthy,,,,2026-09-02 16:11:56.03208+00,f,,
7633,Renamed Camera,Traffic Police,0101000020E610000000000000002052400000000000003740,ip,traffic-police,online,nvr,15,healthy,,,,2026-09-02 16:11:56.097335+00,f,,
7634,History Test Camera,Traffic Police,0101000020E610000000000000002052400000000000003740,ip,traffic-police,offline,nvr,15,healthy,,,,2026-09-02 16:11:56.129404+00,f,,
7635,Renamed Camera,Traffic Police,0101000020E610000000000000002052400000000000003740,ip,traffic-police,online,nvr,15,healthy,,,,2026-09-02 16:11:56.16594+00,f,,
8240,Uptime Test Camera,Traffic Police,0101000020E610000000000000002052400000000000003740,ip,traffic-police,online,nvr,15,healthy,,,,2026-09-02 16:11:56.335051+00,f,,
8241,Uptime Test Camera,Traffic Police,0101000020E610000000000000002052400000000000003740,ip,traffic-police,offline,nvr,15,healthy,,,,2026-09-02 16:11:56.358996+00,f,,
8242,Uptime Test Camera,Traffic Police,0101000020E610000000000000002052400000000000003740,ip,traffic-police,online,nvr,15,healthy,,,,2026-09-02 16:11:56.388415+00,f,,
8244,Bulk Test Camera A,Traffic Police,0101000020E6100000CD3B4ED191245240F6285C8FC2053740,ip,traffic-police,online,nvr,15,healthy,rtsp://demo/bulk-a,,,2026-09-02 16:11:56.500422+00,f,,
8988,Audit Test Camera,Traffic Police,0101000020E610000000000000002052400000000000003740,ip,traffic-police,online,nvr,15,healthy,,,,2026-09-02 16:16:30.232626+00,f,,
8989,Audit Write Test,Traffic Police,0101000020E610000000000000002052400000000000003740,ip,traffic-police,online,nvr,15,healthy,,,,2026-09-02 16:16:30.290763+00,f,,
9092,Scope Test Camera,Traffic Police,0101000020E610000000000000002052400000000000003740,ip,traffic-police,online,nvr,15,healthy,,,,2026-09-02 16:16:30.438059+00,f,,
9093,Other Dept Camera,Home / Police,0101000020E610000000000000002052400000000000003740,ip,traffic-police,online,nvr,15,healthy,,,,2026-09-02 16:16:30.44724+00,f,,
9094,Scope Test Camera,Traffic Police,0101000020E610000000000000002052400000000000003740,ip,traffic-police,online,nvr,15,healthy,,,,2026-09-02 16:16:30.472156+00,f,,
9095,Other Dept Camera,Home / Police,0101000020E610000000000000002052400000000000003740,ip,traffic-police,online,nvr,15,healthy,,,,2026-09-02 16:16:30.481031+00,f,,
9096,Scope Test Camera,Traffic Police,0101000020E610000000000000002052400000000000003740,ip,traffic-police,online,nvr,15,healthy,,,,2026-09-02 16:16:30.524261+00,f,,
9097,History Test Camera,Traffic Police,0101000020E610000000000000002052400000000000003740,ip,traffic-police,online,nvr,15,healthy,,,,2026-09-02 16:16:30.537248+00,f,,
9098,History Test Camera,Traffic Police,0101000020E610000000000000002052400000000000003740,ip,traffic-police,offline,nvr,15,healthy,,,,2026-09-02 16:16:30.581149+00,f,,
9099,History Test Camera,Traffic Police,0101000020E610000000000000002052400000000000003740,ip,traffic-police,offline,nvr,15,healthy,,,,2026-09-02 16:16:30.614135+00,f,,
9100,History Test Camera,Traffic Police,0101000020E610000000000000002052400000000000003740,ip,traffic-police,offline,nvr,15,healthy,,,,2026-09-02 16:16:30.652975+00,f,,
9101,Renamed Camera,Traffic Police,0101000020E610000000000000002052400000000000003740,ip,traffic-police,online,nvr,15,healthy,,,,2026-09-02 16:16:30.702917+00,f,,
9102,History Test Camera,Traffic Police,0101000020E610000000000000002052400000000000003740,ip,traffic-police,offline,nvr,15,healthy,,,,2026-09-02 16:16:30.736063+00,f,,
9103,Renamed Camera,Traffic Police,0101000020E610000000000000002052400000000000003740,ip,traffic-police,online,nvr,15,healthy,,,,2026-09-02 16:16:30.790562+00,f,,
9708,Uptime Test Camera,Traffic Police,0101000020E610000000000000002052400000000000003740,ip,traffic-police,online,nvr,15,healthy,,,,2026-09-02 16:16:30.893305+00,f,,
9709,Uptime Test Camera,Traffic Police,0101000020E610000000000000002052400000000000003740,ip,traffic-police,offline,nvr,15,healthy,,,,2026-09-02 16:16:30.916878+00,f,,
9710,Uptime Test Camera,Traffic Police,0101000020E610000000000000002052400000000000003740,ip,traffic-police,online,nvr,15,healthy,,,,2026-09-02 16:16:30.944964+00,f,,
9712,Bulk Test Camera A,Traffic Police,0101000020E6100000CD3B4ED191245240F6285C8FC2053740,ip,traffic-police,online,nvr,15,healthy,rtsp://demo/bulk-a,,,2026-09-02 16:16:31.061983+00,f,,
10456,Audit Test Camera,Traffic Police,0101000020E610000000000000002052400000000000003740,ip,traffic-police,online,nvr,15,healthy,,,,2026-09-02 16:21:10.387015+00,f,,
10457,Audit Write Test,Traffic Police,0101000020E610000000000000002052400000000000003740,ip,traffic-police,online,nvr,15,healthy,,,,2026-09-02 16:21:10.440842+00,f,,
10560,Scope Test Camera,Traffic Police,0101000020E610000000000000002052400000000000003740,ip,traffic-police,online,nvr,15,healthy,,,,2026-09-02 16:21:10.583096+00,f,,
10561,Other Dept Camera,Home / Police,0101000020E610000000000000002052400000000000003740,ip,traffic-police,online,nvr,15,healthy,,,,2026-09-02 16:21:10.591478+00,f,,
10562,Scope Test Camera,Traffic Police,0101000020E610000000000000002052400000000000003740,ip,traffic-police,online,nvr,15,healthy,,,,2026-09-02 16:21:10.615962+00,f,,
10563,Other Dept Camera,Home / Police,0101000020E610000000000000002052400000000000003740,ip,traffic-police,online,nvr,15,healthy,,,,2026-09-02 16:21:10.624723+00,f,,
10564,Scope Test Camera,Traffic Police,0101000020E610000000000000002052400000000000003740,ip,traffic-police,online,nvr,15,healthy,,,,2026-09-02 16:21:10.668211+00,f,,
10565,History Test Camera,Traffic Police,0101000020E610000000000000002052400000000000003740,ip,traffic-police,online,nvr,15,healthy,,,,2026-09-02 16:21:10.681137+00,f,,
10566,History Test Camera,Traffic Police,0101000020E610000000000000002052400000000000003740,ip,traffic-police,offline,nvr,15,healthy,,,,2026-09-02 16:21:10.703732+00,f,,
10567,History Test Camera,Traffic Police,0101000020E610000000000000002052400000000000003740,ip,traffic-police,offline,nvr,15,healthy,,,,2026-09-02 16:21:10.756025+00,f,,
10568,History Test Camera,Traffic Police,0101000020E610000000000000002052400000000000003740,ip,traffic-police,offline,nvr,15,healthy,,,,2026-09-02 16:21:10.794461+00,f,,
10569,Renamed Camera,Traffic Police,0101000020E610000000000000002052400000000000003740,ip,traffic-police,online,nvr,15,healthy,,,,2026-09-02 16:21:10.848149+00,f,,
10570,History Test Camera,Traffic Police,0101000020E610000000000000002052400000000000003740,ip,traffic-police,offline,nvr,15,healthy,,,,2026-09-02 16:21:10.89589+00,f,,
10571,Renamed Camera,Traffic Police,0101000020E610000000000000002052400000000000003740,ip,traffic-police,online,nvr,15,healthy,,,,2026-09-02 16:21:10.92806+00,f,,
11176,Uptime Test Camera,Traffic Police,0101000020E610000000000000002052400000000000003740,ip,traffic-police,online,nvr,15,healthy,,,,2026-09-02 16:21:11.03195+00,f,,
11177,Uptime Test Camera,Traffic Police,0101000020E610000000000000002052400000000000003740,ip,traffic-police,offline,nvr,15,healthy,,,,2026-09-02 16:21:11.054221+00,f,,
11178,Uptime Test Camera,Traffic Police,0101000020E610000000000000002052400000000000003740,ip,traffic-police,online,nvr,15,healthy,,,,2026-09-02 16:21:11.079651+00,f,,
11180,Bulk Test Camera A,Traffic Police,0101000020E6100000CD3B4ED191245240F6285C8FC2053740,ip,traffic-police,online,nvr,15,healthy,rtsp://demo/bulk-a,,,2026-09-02 16:21:11.195753+00,f,,
11924,Audit Test Camera,Traffic Police,0101000020E610000000000000002052400000000000003740,ip,traffic-police,online,nvr,15,healthy,,,,2026-09-02 16:21:45.467827+00,f,,
11925,Audit Write Test,Traffic Police,0101000020E610000000000000002052400000000000003740,ip,traffic-police,online,nvr,15,healthy,,,,2026-09-02 16:21:45.541498+00,f,,
12028,Scope Test Camera,Traffic Police,0101000020E610000000000000002052400000000000003740,ip,traffic-police,online,nvr,15,healthy,,,,2026-09-02 16:21:45.683881+00,f,,
12029,Other Dept Camera,Home / Police,0101000020E610000000000000002052400000000000003740,ip,traffic-police,online,nvr,15,healthy,,,,2026-09-02 16:21:45.692804+00,f,,
12030,Scope Test Camera,Traffic Police,0101000020E610000000000000002052400000000000003740,ip,traffic-police,online,nvr,15,healthy,,,,2026-09-02 16:21:45.717676+00,f,,
12031,Other Dept Camera,Home / Police,0101000020E610000000000000002052400000000000003740,ip,traffic-police,online,nvr,15,healthy,,,,2026-09-02 16:21:45.726389+00,f,,
12032,Scope Test Camera,Traffic Police,0101000020E610000000000000002052400000000000003740,ip,traffic-police,online,nvr,15,healthy,,,,2026-09-02 16:21:45.771095+00,f,,
12033,History Test Camera,Traffic Police,0101000020E610000000000000002052400000000000003740,ip,traffic-police,online,nvr,15,healthy,,,,2026-09-02 16:21:45.784646+00,f,,
12034,History Test Camera,Traffic Police,0101000020E610000000000000002052400000000000003740,ip,traffic-police,offline,nvr,15,healthy,,,,2026-09-02 16:21:45.824529+00,f,,
12035,History Test Camera,Traffic Police,0101000020E610000000000000002052400000000000003740,ip,traffic-police,offline,nvr,15,healthy,,,,2026-09-02 16:21:45.856731+00,f,,
12036,History Test Camera,Traffic Police,0101000020E610000000000000002052400000000000003740,ip,traffic-police,offline,nvr,15,healthy,,,,2026-09-02 16:21:45.919634+00,f,,
12037,Renamed Camera,Traffic Police,0101000020E610000000000000002052400000000000003740,ip,traffic-police,online,nvr,15,healthy,,,,2026-09-02 16:21:45.966862+00,f,,
12038,History Test Camera,Traffic Police,0101000020E610000000000000002052400000000000003740,ip,traffic-police,offline,nvr,15,healthy,,,,2026-09-02 16:21:45.997425+00,f,,
12039,Renamed Camera,Traffic Police,0101000020E610000000000000002052400000000000003740,ip,traffic-police,online,nvr,15,healthy,,,,2026-09-02 16:21:46.029366+00,f,,
12644,Uptime Test Camera,Traffic Police,0101000020E610000000000000002052400000000000003740,ip,traffic-police,online,nvr,15,healthy,,,,2026-09-02 16:21:46.132877+00,f,,
12645,Uptime Test Camera,Traffic Police,0101000020E610000000000000002052400000000000003740,ip,traffic-police,offline,nvr,15,healthy,,,,2026-09-02 16:21:46.154968+00,f,,
12646,Uptime Test Camera,Traffic Police,0101000020E610000000000000002052400000000000003740,ip,traffic-police,online,nvr,15,healthy,,,,2026-09-02 16:21:46.180198+00,f,,
12648,Bulk Test Camera A,Traffic Police,0101000020E6100000CD3B4ED191245240F6285C8FC2053740,ip,traffic-police,online,nvr,15,healthy,rtsp://demo/bulk-a,,,2026-09-02 16:21:46.294374+00,f,,
13392,Audit Test Camera,Traffic Police,0101000020E610000000000000002052400000000000003740,ip,traffic-police,online,nvr,15,healthy,,,,2026-09-02 16:26:27.823275+00,f,,
13393,Audit Write Test,Traffic Police,0101000020E610000000000000002052400000000000003740,ip,traffic-police,online,nvr,15,healthy,,,,2026-09-02 16:26:27.876931+00,f,,
13496,Scope Test Camera,Traffic Police,0101000020E610000000000000002052400000000000003740,ip,traffic-police,online,nvr,15,healthy,,,,2026-09-02 16:26:28.020777+00,f,,
13497,Other Dept Camera,Home / Police,0101000020E610000000000000002052400000000000003740,ip,traffic-police,online,nvr,15,healthy,,,,2026-09-02 16:26:28.029251+00,f,,
13498,Scope Test Camera,Traffic Police,0101000020E610000000000000002052400000000000003740,ip,traffic-police,online,nvr,15,healthy,,,,2026-09-02 16:26:28.054368+00,f,,
13499,Other Dept Camera,Home / Police,0101000020E610000000000000002052400000000000003740,ip,traffic-police,online,nvr,15,healthy,,,,2026-09-02 16:26:28.064545+00,f,,
13500,Scope Test Camera,Traffic Police,0101000020E610000000000000002052400000000000003740,ip,traffic-police,online,nvr,15,healthy,,,,2026-09-02 16:26:28.110834+00,f,,
13501,History Test Camera,Traffic Police,0101000020E610000000000000002052400000000000003740,ip,traffic-police,online,nvr,15,healthy,,,,2026-09-02 16:26:28.124627+00,f,,
13502,History Test Camera,Traffic Police,0101000020E610000000000000002052400000000000003740,ip,traffic-police,offline,nvr,15,healthy,,,,2026-09-02 16:26:28.14726+00,f,,
13503,History Test Camera,Traffic Police,0101000020E610000000000000002052400000000000003740,ip,traffic-police,offline,nvr,15,healthy,,,,2026-09-02 16:26:28.196526+00,f,,
13504,History Test Camera,Traffic Police,0101000020E610000000000000002052400000000000003740,ip,traffic-police,offline,nvr,15,healthy,,,,2026-09-02 16:26:28.233654+00,f,,
13505,Renamed Camera,Traffic Police,0101000020E610000000000000002052400000000000003740,ip,traffic-police,online,nvr,15,healthy,,,,2026-09-02 16:26:28.281964+00,f,,
13506,History Test Camera,Traffic Police,0101000020E610000000000000002052400000000000003740,ip,traffic-police,offline,nvr,15,healthy,,,,2026-09-02 16:26:28.313255+00,f,,
13507,Renamed Camera,Traffic Police,0101000020E610000000000000002052400000000000003740,ip,traffic-police,online,nvr,15,healthy,,,,2026-09-02 16:26:28.344863+00,f,,
14112,Uptime Test Camera,Traffic Police,0101000020E610000000000000002052400000000000003740,ip,traffic-police,online,nvr,15,healthy,,,,2026-09-02 16:26:28.447684+00,f,,
14113,Uptime Test Camera,Traffic Police,0101000020E610000000000000002052400000000000003740,ip,traffic-police,offline,nvr,15,healthy,,,,2026-09-02 16:26:28.470293+00,f,,
14114,Uptime Test Camera,Traffic Police,0101000020E610000000000000002052400000000000003740,ip,traffic-police,online,nvr,15,healthy,,,,2026-09-02 16:26:28.495287+00,f,,
14116,Bulk Test Camera A,Traffic Police,0101000020E6100000CD3B4ED191245240F6285C8FC2053740,ip,traffic-police,online,nvr,15,healthy,rtsp://demo/bulk-a,,,2026-09-02 16:26:28.611933+00,f,,
14860,Audit Test Camera,Traffic Police,0101000020E610000000000000002052400000000000003740,ip,traffic-police,online,nvr,15,healthy,,,,2026-09-03 01:48:48.288625+00,f,,
14861,Audit Write Test,Traffic Police,0101000020E610000000000000002052400000000000003740,ip,traffic-police,online,nvr,15,healthy,,,,2026-09-03 01:48:48.37096+00,f,,
14964,Scope Test Camera,Traffic Police,0101000020E610000000000000002052400000000000003740,ip,traffic-police,online,nvr,15,healthy,,,,2026-09-03 01:48:48.523593+00,f,,
14965,Other Dept Camera,Home / Police,0101000020E610000000000000002052400000000000003740,ip,traffic-police,online,nvr,15,healthy,,,,2026-09-03 01:48:48.532532+00,f,,
14966,Scope Test Camera,Traffic Police,0101000020E610000000000000002052400000000000003740,ip,traffic-police,online,nvr,15,healthy,,,,2026-09-03 01:48:48.560177+00,f,,
14967,Other Dept Camera,Home / Police,0101000020E610000000000000002052400000000000003740,ip,traffic-police,online,nvr,15,healthy,,,,2026-09-03 01:48:48.569351+00,f,,
14968,Scope Test Camera,Traffic Police,0101000020E610000000000000002052400000000000003740,ip,traffic-police,online,nvr,15,healthy,,,,2026-09-03 01:48:48.618823+00,f,,
14969,History Test Camera,Traffic Police,0101000020E610000000000000002052400000000000003740,ip,traffic-police,online,nvr,15,healthy,,,,2026-09-03 01:48:48.632612+00,f,,
14970,History Test Camera,Traffic Police,0101000020E610000000000000002052400000000000003740,ip,traffic-police,offline,nvr,15,healthy,,,,2026-09-03 01:48:48.659259+00,f,,
14971,History Test Camera,Traffic Police,0101000020E610000000000000002052400000000000003740,ip,traffic-police,offline,nvr,15,healthy,,,,2026-09-03 01:48:48.708127+00,f,,
14972,History Test Camera,Traffic Police,0101000020E610000000000000002052400000000000003740,ip,traffic-police,offline,nvr,15,healthy,,,,2026-09-03 01:48:48.771598+00,f,,
14973,Renamed Camera,Traffic Police,0101000020E610000000000000002052400000000000003740,ip,traffic-police,online,nvr,15,healthy,,,,2026-09-03 01:48:48.822769+00,f,,
14974,History Test Camera,Traffic Police,0101000020E610000000000000002052400000000000003740,ip,traffic-police,offline,nvr,15,healthy,,,,2026-09-03 01:48:48.863206+00,f,,
14975,Renamed Camera,Traffic Police,0101000020E610000000000000002052400000000000003740,ip,traffic-police,online,nvr,15,healthy,,,,2026-09-03 01:48:48.905426+00,f,,
15580,Uptime Test Camera,Traffic Police,0101000020E610000000000000002052400000000000003740,ip,traffic-police,online,nvr,15,healthy,,,,2026-09-03 01:48:49.027732+00,f,,
15581,Uptime Test Camera,Traffic Police,0101000020E610000000000000002052400000000000003740,ip,traffic-police,offline,nvr,15,healthy,,,,2026-09-03 01:48:49.062244+00,f,,
15582,Uptime Test Camera,Traffic Police,0101000020E610000000000000002052400000000000003740,ip,traffic-police,online,nvr,15,healthy,,,,2026-09-03 01:48:49.088192+00,f,,
15584,Bulk Test Camera A,Traffic Police,0101000020E6100000CD3B4ED191245240F6285C8FC2053740,ip,traffic-police,online,nvr,15,healthy,rtsp://demo/bulk-a,,,2026-09-03 01:48:49.205982+00,f,,
16328,Audit Test Camera,Traffic Police,0101000020E610000000000000002052400000000000003740,ip,traffic-police,online,nvr,15,healthy,,,,2026-09-03 01:57:16.420311+00,f,,
16329,Audit Write Test,Traffic Police,0101000020E610000000000000002052400000000000003740,ip,traffic-police,online,nvr,15,healthy,,,,2026-09-03 01:57:16.514307+00,f,,
16432,Scope Test Camera,Traffic Police,0101000020E610000000000000002052400000000000003740,ip,traffic-police,online,nvr,15,healthy,,,,2026-09-03 01:57:16.677314+00,f,,
16433,Other Dept Camera,Home / Police,0101000020E610000000000000002052400000000000003740,ip,traffic-police,online,nvr,15,healthy,,,,2026-09-03 01:57:16.687815+00,f,,
16434,Scope Test Camera,Traffic Police,0101000020E610000000000000002052400000000000003740,ip,traffic-police,online,nvr,15,healthy,,,,2026-09-03 01:57:16.716081+00,f,,
16435,Other Dept Camera,Home / Police,0101000020E610000000000000002052400000000000003740,ip,traffic-police,online,nvr,15,healthy,,,,2026-09-03 01:57:16.72717+00,f,,
16436,Scope Test Camera,Traffic Police,0101000020E610000000000000002052400000000000003740,ip,traffic-police,online,nvr,15,healthy,,,,2026-09-03 01:57:16.782935+00,f,,
16437,History Test Camera,Traffic Police,0101000020E610000000000000002052400000000000003740,ip,traffic-police,online,nvr,15,healthy,,,,2026-09-03 01:57:16.798036+00,f,,
16438,History Test Camera,Traffic Police,0101000020E610000000000000002052400000000000003740,ip,traffic-police,offline,nvr,15,healthy,,,,2026-09-03 01:57:16.838463+00,f,,
16439,History Test Camera,Traffic Police,0101000020E610000000000000002052400000000000003740,ip,traffic-police,offline,nvr,15,healthy,,,,2026-09-03 01:57:16.885985+00,f,,
16440,History Test Camera,Traffic Police,0101000020E610000000000000002052400000000000003740,ip,traffic-police,offline,nvr,15,healthy,,,,2026-09-03 01:57:16.925969+00,f,,
16441,Renamed Camera,Traffic Police,0101000020E610000000000000002052400000000000003740,ip,traffic-police,online,nvr,15,healthy,,,,2026-09-03 01:57:16.980231+00,f,,
16442,History Test Camera,Traffic Police,0101000020E610000000000000002052400000000000003740,ip,traffic-police,offline,nvr,15,healthy,,,,2026-09-03 01:57:17.013234+00,f,,
16443,Renamed Camera,Traffic Police,0101000020E610000000000000002052400000000000003740,ip,traffic-police,online,nvr,15,healthy,,,,2026-09-03 01:57:17.050335+00,f,,
17048,Uptime Test Camera,Traffic Police,0101000020E610000000000000002052400000000000003740,ip,traffic-police,online,nvr,15,healthy,,,,2026-09-03 01:57:17.186168+00,f,,
17049,Uptime Test Camera,Traffic Police,0101000020E610000000000000002052400000000000003740,ip,traffic-police,offline,nvr,15,healthy,,,,2026-09-03 01:57:17.21762+00,f,,
17050,Uptime Test Camera,Traffic Police,0101000020E610000000000000002052400000000000003740,ip,traffic-police,online,nvr,15,healthy,,,,2026-09-03 01:57:17.266031+00,f,,
17052,Bulk Test Camera A,Traffic Police,0101000020E6100000CD3B4ED191245240F6285C8FC2053740,ip,traffic-police,online,nvr,15,healthy,rtsp://demo/bulk-a,,,2026-09-03 01:57:17.396818+00,f,,
17796,Audit Test Camera,Traffic Police,0101000020E610000000000000002052400000000000003740,ip,traffic-police,online,nvr,15,healthy,,,,2026-09-03 02:03:09.094813+00,f,,
17797,Audit Write Test,Traffic Police,0101000020E610000000000000002052400000000000003740,ip,traffic-police,online,nvr,15,healthy,,,,2026-09-03 02:03:09.171638+00,f,,
17900,Scope Test Camera,Traffic Police,0101000020E610000000000000002052400000000000003740,ip,traffic-police,online,nvr,15,healthy,,,,2026-09-03 02:03:09.31689+00,f,,
17901,Other Dept Camera,Home / Police,0101000020E610000000000000002052400000000000003740,ip,traffic-police,online,nvr,15,healthy,,,,2026-09-03 02:03:09.326348+00,f,,
17902,Scope Test Camera,Traffic Police,0101000020E610000000000000002052400000000000003740,ip,traffic-police,online,nvr,15,healthy,,,,2026-09-03 02:03:09.354965+00,f,,
17903,Other Dept Camera,Home / Police,0101000020E610000000000000002052400000000000003740,ip,traffic-police,online,nvr,15,healthy,,,,2026-09-03 02:03:09.364591+00,f,,
17904,Scope Test Camera,Traffic Police,0101000020E610000000000000002052400000000000003740,ip,traffic-police,online,nvr,15,healthy,,,,2026-09-03 02:03:09.416824+00,f,,
17905,History Test Camera,Traffic Police,0101000020E610000000000000002052400000000000003740,ip,traffic-police,online,nvr,15,healthy,,,,2026-09-03 02:03:09.431134+00,f,,
17906,History Test Camera,Traffic Police,0101000020E610000000000000002052400000000000003740,ip,traffic-police,offline,nvr,15,healthy,,,,2026-09-03 02:03:09.471991+00,f,,
17907,History Test Camera,Traffic Police,0101000020E610000000000000002052400000000000003740,ip,traffic-police,offline,nvr,15,healthy,,,,2026-09-03 02:03:09.518182+00,f,,
17908,History Test Camera,Traffic Police,0101000020E610000000000000002052400000000000003740,ip,traffic-police,offline,nvr,15,healthy,,,,2026-09-03 02:03:09.581834+00,f,,
17909,Renamed Camera,Traffic Police,0101000020E610000000000000002052400000000000003740,ip,traffic-police,online,nvr,15,healthy,,,,2026-09-03 02:03:09.633399+00,f,,
17910,History Test Camera,Traffic Police,0101000020E610000000000000002052400000000000003740,ip,traffic-police,offline,nvr,15,healthy,,,,2026-09-03 02:03:09.690867+00,f,,
17911,Renamed Camera,Traffic Police,0101000020E610000000000000002052400000000000003740,ip,traffic-police,online,nvr,15,healthy,,,,2026-09-03 02:03:09.72559+00,f,,
18516,Uptime Test Camera,Traffic Police,0101000020E610000000000000002052400000000000003740,ip,traffic-police,online,nvr,15,healthy,,,,2026-09-03 02:03:09.852224+00,f,,
18517,Uptime Test Camera,Traffic Police,0101000020E610000000000000002052400000000000003740,ip,traffic-police,offline,nvr,15,healthy,,,,2026-09-03 02:03:09.876423+00,f,,
18518,Uptime Test Camera,Traffic Police,0101000020E610000000000000002052400000000000003740,ip,traffic-police,online,nvr,15,healthy,,,,2026-09-03 02:03:09.903805+00,f,,
18520,Bulk Test Camera A,Traffic Police,0101000020E6100000CD3B4ED191245240F6285C8FC2053740,ip,traffic-police,online,nvr,15,healthy,rtsp://demo/bulk-a,,,2026-09-03 02:03:10.036156+00,f,,
19265,Audit Test Camera,Traffic Police,0101000020E610000000000000002052400000000000003740,ip,traffic-police,online,nvr,15,healthy,,,,2026-09-03 02:06:50.683604+00,f,,
19266,Audit Write Test,Traffic Police,0101000020E610000000000000002052400000000000003740,ip,traffic-police,online,nvr,15,healthy,,,,2026-09-03 02:06:50.764831+00,f,,
19369,Scope Test Camera,Traffic Police,0101000020E610000000000000002052400000000000003740,ip,traffic-police,online,nvr,15,healthy,,,,2026-09-03 02:06:50.917248+00,f,,
19370,Other Dept Camera,Home / Police,0101000020E610000000000000002052400000000000003740,ip,traffic-police,online,nvr,15,healthy,,,,2026-09-03 02:06:50.92736+00,f,,
19371,Scope Test Camera,Traffic Police,0101000020E610000000000000002052400000000000003740,ip,traffic-police,online,nvr,15,healthy,,,,2026-09-03 02:06:50.962405+00,f,,
19372,Other Dept Camera,Home / Police,0101000020E610000000000000002052400000000000003740,ip,traffic-police,online,nvr,15,healthy,,,,2026-09-03 02:06:50.972515+00,f,,
19373,Scope Test Camera,Traffic Police,0101000020E610000000000000002052400000000000003740,ip,traffic-police,online,nvr,15,healthy,,,,2026-09-03 02:06:51.026747+00,f,,
19374,History Test Camera,Traffic Police,0101000020E610000000000000002052400000000000003740,ip,traffic-police,online,nvr,15,healthy,,,,2026-09-03 02:06:51.040672+00,f,,
19375,History Test Camera,Traffic Police,0101000020E610000000000000002052400000000000003740,ip,traffic-police,offline,nvr,15,healthy,,,,2026-09-03 02:06:51.06479+00,f,,
19376,History Test Camera,Traffic Police,0101000020E610000000000000002052400000000000003740,ip,traffic-police,offline,nvr,15,healthy,,,,2026-09-03 02:06:51.109378+00,f,,
19377,History Test Camera,Traffic Police,0101000020E610000000000000002052400000000000003740,ip,traffic-police,offline,nvr,15,healthy,,,,2026-09-03 02:06:51.17288+00,f,,
19378,Renamed Camera,Traffic Police,0101000020E610000000000000002052400000000000003740,ip,traffic-police,online,nvr,15,healthy,,,,2026-09-03 02:06:51.221447+00,f,,
19379,History Test Camera,Traffic Police,0101000020E610000000000000002052400000000000003740,ip,traffic-police,offline,nvr,15,healthy,,,,2026-09-03 02:06:51.264169+00,f,,
19380,Renamed Camera,Traffic Police,0101000020E610000000000000002052400000000000003740,ip,traffic-police,online,nvr,15,healthy,,,,2026-09-03 02:06:51.301255+00,f,,
19985,Uptime Test Camera,Traffic Police,0101000020E610000000000000002052400000000000003740,ip,traffic-police,online,nvr,15,healthy,,,,2026-09-03 02:06:51.411706+00,f,,
19986,Uptime Test Camera,Traffic Police,0101000020E610000000000000002052400000000000003740,ip,traffic-police,offline,nvr,15,healthy,,,,2026-09-03 02:06:51.439605+00,f,,
19987,Uptime Test Camera,Traffic Police,0101000020E610000000000000002052400000000000003740,ip,traffic-police,online,nvr,15,healthy,,,,2026-09-03 02:06:51.469296+00,f,,
19989,Bulk Test Camera A,Traffic Police,0101000020E6100000CD3B4ED191245240F6285C8FC2053740,ip,traffic-police,online,nvr,15,healthy,rtsp://demo/bulk-a,,,2026-09-03 02:06:51.593027+00,f,,
20733,Audit Test Camera,Traffic Police,0101000020E610000000000000002052400000000000003740,ip,traffic-police,online,nvr,15,healthy,,,,2026-09-03 02:13:01.279272+00,f,,
20734,Audit Write Test,Traffic Police,0101000020E610000000000000002052400000000000003740,ip,traffic-police,online,nvr,15,healthy,,,,2026-09-03 02:13:01.368101+00,f,,
20837,Scope Test Camera,Traffic Police,0101000020E610000000000000002052400000000000003740,ip,traffic-police,online,nvr,15,healthy,,,,2026-09-03 02:13:01.521369+00,f,,
20838,Other Dept Camera,Home / Police,0101000020E610000000000000002052400000000000003740,ip,traffic-police,online,nvr,15,healthy,,,,2026-09-03 02:13:01.53091+00,f,,
20839,Scope Test Camera,Traffic Police,0101000020E610000000000000002052400000000000003740,ip,traffic-police,online,nvr,15,healthy,,,,2026-09-03 02:13:01.564921+00,f,,
20840,Other Dept Camera,Home / Police,0101000020E610000000000000002052400000000000003740,ip,traffic-police,online,nvr,15,healthy,,,,2026-09-03 02:13:01.574975+00,f,,
20841,Scope Test Camera,Traffic Police,0101000020E610000000000000002052400000000000003740,ip,traffic-police,online,nvr,15,healthy,,,,2026-09-03 02:13:01.632386+00,f,,
20842,History Test Camera,Traffic Police,0101000020E610000000000000002052400000000000003740,ip,traffic-police,online,nvr,15,healthy,,,,2026-09-03 02:13:01.647886+00,f,,
20843,History Test Camera,Traffic Police,0101000020E610000000000000002052400000000000003740,ip,traffic-police,offline,nvr,15,healthy,,,,2026-09-03 02:13:01.682789+00,f,,
20844,History Test Camera,Traffic Police,0101000020E610000000000000002052400000000000003740,ip,traffic-police,offline,nvr,15,healthy,,,,2026-09-03 02:13:01.729787+00,f,,
20845,History Test Camera,Traffic Police,0101000020E610000000000000002052400000000000003740,ip,traffic-police,offline,nvr,15,healthy,,,,2026-09-03 02:13:01.793059+00,f,,
20846,Renamed Camera,Traffic Police,0101000020E610000000000000002052400000000000003740,ip,traffic-police,online,nvr,15,healthy,,,,2026-09-03 02:13:01.854464+00,f,,
20847,History Test Camera,Traffic Police,0101000020E610000000000000002052400000000000003740,ip,traffic-police,offline,nvr,15,healthy,,,,2026-09-03 02:13:01.889023+00,f,,
20848,Renamed Camera,Traffic Police,0101000020E610000000000000002052400000000000003740,ip,traffic-police,online,nvr,15,healthy,,,,2026-09-03 02:13:01.946292+00,f,,
21453,Uptime Test Camera,Traffic Police,0101000020E610000000000000002052400000000000003740,ip,traffic-police,online,nvr,15,healthy,,,,2026-09-03 02:13:02.065386+00,f,,
21454,Uptime Test Camera,Traffic Police,0101000020E610000000000000002052400000000000003740,ip,traffic-police,offline,nvr,15,healthy,,,,2026-09-03 02:13:02.089088+00,f,,
21455,Uptime Test Camera,Traffic Police,0101000020E610000000000000002052400000000000003740,ip,traffic-police,online,nvr,15,healthy,,,,2026-09-03 02:13:02.114987+00,f,,
21457,Bulk Test Camera A,Traffic Police,0101000020E6100000CD3B4ED191245240F6285C8FC2053740,ip,traffic-police,online,nvr,15,healthy,rtsp://demo/bulk-a,,,2026-09-03 02:13:02.234086+00,f,,
22201,Audit Test Camera,Traffic Police,0101000020E610000000000000002052400000000000003740,ip,traffic-police,online,nvr,15,healthy,,,,2026-09-03 03:49:15.369359+00,f,,
22202,Audit Write Test,Traffic Police,0101000020E610000000000000002052400000000000003740,ip,traffic-police,online,nvr,15,healthy,,,,2026-09-03 03:49:15.529089+00,f,,
22203,History Test Camera,Traffic Police,0101000020E610000000000000002052400000000000003740,ip,traffic-police,online,nvr,15,healthy,,,,2026-09-03 03:49:15.563662+00,f,,
22204,History Test Camera,Traffic Police,0101000020E610000000000000002052400000000000003740,ip,traffic-police,offline,nvr,15,healthy,,,,2026-09-03 03:49:15.611801+00,f,,
22205,History Test Camera,Traffic Police,0101000020E610000000000000002052400000000000003740,ip,traffic-police,offline,nvr,15,healthy,,,,2026-09-03 03:49:15.699285+00,f,,
22206,History Test Camera,Traffic Police,0101000020E610000000000000002052400000000000003740,ip,traffic-police,offline,nvr,15,healthy,,,,2026-09-03 03:49:15.853985+00,f,,
22207,Renamed Camera,Traffic Police,0101000020E610000000000000002052400000000000003740,ip,traffic-police,online,nvr,15,healthy,,,,2026-09-03 03:49:15.998377+00,f,,
22208,History Test Camera,Traffic Police,0101000020E610000000000000002052400000000000003740,ip,traffic-police,offline,nvr,15,healthy,,,,2026-09-03 03:49:16.076809+00,f,,
22209,Renamed Camera,Traffic Police,0101000020E610000000000000002052400000000000003740,ip,traffic-police,online,nvr,15,healthy,,,,2026-09-03 03:49:16.169193+00,f,,
22210,Uptime Test Camera,Traffic Police,0101000020E610000000000000002052400000000000003740,ip,traffic-police,online,nvr,15,healthy,,,,2026-09-03 03:49:16.320255+00,f,,
22211,Uptime Test Camera,Traffic Police,0101000020E610000000000000002052400000000000003740,ip,traffic-police,offline,nvr,15,healthy,,,,2026-09-03 03:49:16.412986+00,f,,
22212,Uptime Test Camera,Traffic Police,0101000020E610000000000000002052400000000000003740,ip,traffic-police,online,nvr,15,healthy,,,,2026-09-03 03:49:16.520684+00,f,,
22214,Bulk Test Camera A,Traffic Police,0101000020E6100000CD3B4ED191245240F6285C8FC2053740,ip,traffic-police,online,nvr,15,healthy,rtsp://demo/bulk-a,,,2026-09-03 03:49:17.042796+00,f,,
