id,camera_id,connectivity_status,changed_at
53,44,offline,2026-08-31 20:23:11.984287+00
54,45,offline,2026-08-31 20:23:11.986066+00
55,44,offline,2026-08-31 20:23:11.992668+00
56,45,offline,2026-08-31 20:23:11.984369+00
57,45,online,2026-08-31 20:23:27.052422+00
58,44,online,2026-08-31 20:23:27.0581+00
59,44,online,2026-08-31 20:23:27.068486+00
60,45,online,2026-08-31 20:23:27.050406+00
61,43,offline,2026-08-31 20:30:27.72337+00
62,44,offline,2026-08-31 20:30:27.720588+00
63,45,offline,2026-08-31 20:30:27.719667+00
64,44,offline,2026-08-31 20:30:27.722514+00
65,43,offline,2026-08-31 20:30:27.720681+00
66,45,offline,2026-08-31 20:30:27.719826+00
67,47,offline,2026-08-31 20:30:27.8787+00
68,47,offline,2026-08-31 20:30:27.879889+00
69,46,offline,2026-08-31 20:30:27.883827+00
70,48,offline,2026-08-31 20:30:27.885056+00
71,46,offline,2026-08-31 20:30:27.885884+00
72,48,offline,2026-08-31 20:30:27.888695+00
73,46,online,2026-09-01 02:17:11.833909+00
74,43,online,2026-09-01 02:17:11.855209+00
75,46,online,2026-09-01 02:17:11.832999+00
76,43,online,2026-09-01 02:17:11.855343+00
77,44,online,2026-09-01 02:17:11.923037+00
78,44,online,2026-09-01 02:17:11.926234+00
79,48,online,2026-09-01 02:17:11.953275+00
80,48,online,2026-09-01 02:17:11.953096+00
81,45,online,2026-09-01 02:17:11.994812+00
82,45,online,2026-09-01 02:17:11.995773+00
83,47,online,2026-09-01 02:17:12.03527+00
84,44,offline,2026-09-01 02:23:06.043704+00
85,43,offline,2026-09-01 02:23:06.044188+00
86,46,offline,2026-09-01 02:23:06.044475+00
87,46,offline,2026-09-01 02:23:06.043559+00
88,43,offline,2026-09-01 02:23:06.043346+00
89,44,offline,2026-09-01 02:23:06.043759+00
90,45,offline,2026-09-01 02:23:06.146956+00
91,47,offline,2026-09-01 02:23:06.147179+00
92,48,offline,2026-09-01 02:23:06.148573+00
93,45,offline,2026-09-01 02:23:06.147725+00
94,48,offline,2026-09-01 02:23:06.148342+00
95,47,offline,2026-09-01 02:23:06.149867+00
96,46,online,2026-09-01 02:24:49.921175+00
97,46,online,2026-09-01 02:24:49.922822+00
98,44,online,2026-09-01 02:24:49.932836+00
99,44,online,2026-09-01 02:24:49.934897+00
100,47,online,2026-09-01 02:24:49.965236+00
101,47,online,2026-09-01 02:24:49.964413+00
102,45,online,2026-09-01 02:24:49.979264+00
103,48,online,2026-09-01 02:24:49.979429+00
104,45,online,2026-09-01 02:24:49.981004+00
105,48,online,2026-09-01 02:24:49.982307+00
106,43,online,2026-09-01 02:24:50.004033+00
107,43,online,2026-09-01 02:24:50.004501+00
126,115,offline,2026-09-02 06:01:36.536898+00
127,116,offline,2026-09-02 06:01:36.587888+00
128,117,offline,2026-09-02 06:01:36.635002+00
129,117,online,2026-09-02 06:01:36.644356+00
130,117,offline,2026-09-02 06:01:36.653488+00
131,119,offline,2026-09-02 06:01:36.759434+00
132,122,offline,2026-09-02 06:01:36.869717+00
133,123,offline,2026-09-02 06:01:36.905961+00
134,123,online,2026-09-02 06:01:36.916338+00
135,129,offline,2026-09-02 06:13:23.232747+00
136,130,offline,2026-09-02 06:13:23.268207+00
137,131,offline,2026-09-02 06:13:23.308284+00
138,131,online,2026-09-02 06:13:23.316546+00
139,131,offline,2026-09-02 06:13:23.324528+00
140,133,offline,2026-09-02 06:13:23.398626+00
141,136,offline,2026-09-02 06:13:23.487037+00
142,137,offline,2026-09-02 06:13:23.513595+00
143,137,online,2026-09-02 06:13:23.521466+00
144,143,offline,2026-09-02 06:22:10.590518+00
145,144,offline,2026-09-02 06:22:10.623248+00
146,145,offline,2026-09-02 06:22:10.666527+00
147,145,online,2026-09-02 06:22:10.676338+00
148,145,offline,2026-09-02 06:22:10.685664+00
149,147,offline,2026-09-02 06:22:10.772725+00
150,150,offline,2026-09-02 06:22:10.869674+00
151,151,offline,2026-09-02 06:22:10.898282+00
152,151,online,2026-09-02 06:22:10.908084+00
153,157,offline,2026-09-02 06:26:00.061034+00
154,158,offline,2026-09-02 06:26:00.156759+00
155,159,offline,2026-09-02 06:26:00.253908+00
156,159,online,2026-09-02 06:26:00.277342+00
157,159,offline,2026-09-02 06:26:00.299089+00
158,161,offline,2026-09-02 06:26:00.526384+00
159,164,offline,2026-09-02 06:26:00.734616+00
160,165,offline,2026-09-02 06:26:00.809459+00
161,165,online,2026-09-02 06:26:00.832189+00
162,171,offline,2026-09-02 06:31:24.163141+00
163,172,offline,2026-09-02 06:31:24.255214+00
164,173,offline,2026-09-02 06:31:24.365347+00
165,173,online,2026-09-02 06:31:24.389356+00
166,173,offline,2026-09-02 06:31:24.412328+00
167,175,offline,2026-09-02 06:31:24.651568+00
168,178,offline,2026-09-02 06:31:24.869427+00
169,179,offline,2026-09-02 06:31:24.974217+00
170,179,online,2026-09-02 06:31:24.992807+00
171,200,offline,2026-09-02 06:35:10.518533+00
172,201,offline,2026-09-02 06:35:10.598023+00
173,202,offline,2026-09-02 06:35:10.710912+00
174,202,online,2026-09-02 06:35:10.732898+00
175,202,offline,2026-09-02 06:35:10.754786+00
176,204,offline,2026-09-02 06:35:10.962769+00
177,207,offline,2026-09-02 06:35:11.176488+00
178,208,offline,2026-09-02 06:35:11.241575+00
179,208,online,2026-09-02 06:35:11.266517+00
180,219,offline,2026-09-02 08:03:14.130367+00
181,220,offline,2026-09-02 08:03:14.162586+00
182,221,offline,2026-09-02 08:03:14.201079+00
183,221,online,2026-09-02 08:03:14.209151+00
184,221,offline,2026-09-02 08:03:14.21706+00
185,223,offline,2026-09-02 08:03:14.293341+00
186,226,offline,2026-09-02 08:03:14.380137+00
187,227,offline,2026-09-02 08:03:14.408237+00
188,227,online,2026-09-02 08:03:14.416568+00
189,233,offline,2026-09-02 11:35:44.096235+00
190,234,offline,2026-09-02 11:35:44.144931+00
191,235,offline,2026-09-02 11:35:44.199715+00
192,235,online,2026-09-02 11:35:44.208918+00
193,235,offline,2026-09-02 11:35:44.219035+00
194,237,offline,2026-09-02 11:35:44.308231+00
195,240,offline,2026-09-02 11:35:44.406193+00
196,241,offline,2026-09-02 11:35:44.432124+00
197,241,online,2026-09-02 11:35:44.440593+00
198,252,offline,2026-09-02 12:10:32.071434+00
199,253,offline,2026-09-02 12:10:32.107428+00
200,254,offline,2026-09-02 12:10:32.147622+00
201,254,online,2026-09-02 12:10:32.155812+00
202,254,offline,2026-09-02 12:10:32.163705+00
203,256,offline,2026-09-02 12:10:32.252863+00
204,259,offline,2026-09-02 12:10:32.348611+00
205,260,offline,2026-09-02 12:10:32.380032+00
206,260,online,2026-09-02 12:10:32.389188+00
207,271,offline,2026-09-02 12:14:47.866828+00
208,272,offline,2026-09-02 12:14:47.904975+00
209,273,offline,2026-09-02 12:14:47.948387+00
210,273,online,2026-09-02 12:14:47.957444+00
211,273,offline,2026-09-02 12:14:47.96697+00
212,275,offline,2026-09-02 12:14:48.058676+00
213,278,offline,2026-09-02 12:14:48.168859+00
214,279,offline,2026-09-02 12:14:48.203366+00
215,279,online,2026-09-02 12:14:48.21438+00
216,290,offline,2026-09-02 12:16:12.526751+00
217,291,offline,2026-09-02 12:16:12.561996+00
218,292,offline,2026-09-02 12:16:12.622433+00
219,292,online,2026-09-02 12:16:12.630555+00
220,292,offline,2026-09-02 12:16:12.63873+00
221,294,offline,2026-09-02 12:16:12.767318+00
222,297,offline,2026-09-02 12:16:12.882843+00
223,298,offline,2026-09-02 12:16:12.915999+00
224,298,online,2026-09-02 12:16:12.925458+00
225,309,offline,2026-09-02 13:09:23.070883+00
226,310,offline,2026-09-02 13:09:23.103714+00
227,311,offline,2026-09-02 13:09:23.14961+00
228,311,online,2026-09-02 13:09:23.161093+00
229,311,offline,2026-09-02 13:09:23.171332+00
230,313,offline,2026-09-02 13:09:23.28478+00
231,316,offline,2026-09-02 13:09:23.385981+00
232,317,offline,2026-09-02 13:09:23.413195+00
233,317,online,2026-09-02 13:09:23.42243+00
234,329,offline,2026-09-02 13:19:48.247579+00
235,330,offline,2026-09-02 13:19:48.279888+00
236,331,offline,2026-09-02 13:19:48.318614+00
237,331,online,2026-09-02 13:19:48.326824+00
238,331,offline,2026-09-02 13:19:48.334711+00
239,333,offline,2026-09-02 13:19:48.417925+00
240,336,offline,2026-09-02 13:19:48.519192+00
241,337,offline,2026-09-02 13:19:48.545186+00
242,337,online,2026-09-02 13:19:48.553271+00
243,349,offline,2026-09-02 13:50:14.448677+00
244,350,offline,2026-09-02 13:50:14.480581+00
245,351,offline,2026-09-02 13:50:14.519478+00
246,351,online,2026-09-02 13:50:14.527661+00
247,351,offline,2026-09-02 13:50:14.536843+00
248,353,offline,2026-09-02 13:50:14.616417+00
249,356,offline,2026-09-02 13:50:14.70611+00
250,357,offline,2026-09-02 13:50:14.731293+00
251,357,online,2026-09-02 13:50:14.73934+00
252,1111,offline,2026-09-02 13:54:19.627253+00
253,1112,offline,2026-09-02 13:54:19.663255+00
254,1113,offline,2026-09-02 13:54:19.705591+00
255,1113,online,2026-09-02 13:54:19.715272+00
256,1113,offline,2026-09-02 13:54:19.724223+00
257,1115,offline,2026-09-02 13:54:19.80898+00
258,1118,offline,2026-09-02 13:54:19.899244+00
259,1119,offline,2026-09-02 13:54:19.924068+00
260,1119,online,2026-09-02 13:54:19.932521+00
261,2282,offline,2026-09-02 15:58:02.013119+00
262,2283,offline,2026-09-02 15:58:02.047613+00
263,2284,offline,2026-09-02 15:58:02.090915+00
264,2284,online,2026-09-02 15:58:02.099417+00
265,2284,offline,2026-09-02 15:58:02.107848+00
266,2286,offline,2026-09-02 15:58:02.209833+00
267,2289,offline,2026-09-02 15:58:02.30239+00
268,2290,offline,2026-09-02 15:58:02.330036+00
269,2290,online,2026-09-02 15:58:02.338338+00
270,6162,offline,2026-09-02 16:07:01.705752+00
271,6163,offline,2026-09-02 16:07:01.739148+00
272,6164,offline,2026-09-02 16:07:01.780741+00
273,6164,online,2026-09-02 16:07:01.789498+00
274,6164,offline,2026-09-02 16:07:01.799567+00
275,6166,offline,2026-09-02 16:07:01.877121+00
276,6773,offline,2026-09-02 16:07:02.069366+00
277,6774,offline,2026-09-02 16:07:02.104543+00
278,6774,online,2026-09-02 16:07:02.118142+00
279,7630,offline,2026-09-02 16:11:55.9673+00
280,7631,offline,2026-09-02 16:11:56.002084+00
281,7632,offline,2026-09-02 16:11:56.041213+00
282,7632,online,2026-09-02 16:11:56.049791+00
283,7632,offline,2026-09-02 16:11:56.057872+00
284,7634,offline,2026-09-02 16:11:56.152743+00
285,8241,offline,2026-09-02 16:11:56.36893+00
286,8242,offline,2026-09-02 16:11:56.397818+00
287,8242,online,2026-09-02 16:11:56.407079+00
288,9098,offline,2026-09-02 16:16:30.589859+00
289,9099,offline,2026-09-02 16:16:30.6223+00
290,9100,offline,2026-09-02 16:16:30.661816+00
291,9100,online,2026-09-02 16:16:30.670386+00
292,9100,offline,2026-09-02 16:16:30.678819+00
293,9102,offline,2026-09-02 16:16:30.778392+00
294,9709,offline,2026-09-02 16:16:30.92565+00
295,9710,offline,2026-09-02 16:16:30.953859+00
296,9710,online,2026-09-02 16:16:30.962104+00
297,10566,offline,2026-09-02 16:21:10.712642+00
298,10567,offline,2026-09-02 16:21:10.764525+00
299,10568,offline,2026-09-02 16:21:10.802751+00
300,10568,online,2026-09-02 16:21:10.812776+00
301,10568,offline,2026-09-02 16:21:10.822467+00
302,10570,offline,2026-09-02 16:21:10.916186+00
303,11177,offline,2026-09-02 16:21:11.062987+00
304,11178,offline,2026-09-02 16:21:11.088454+00
305,11178,online,2026-09-02 16:21:11.096626+00
306,12034,offline,2026-09-02 16:21:45.83328+00
307,12035,offline,2026-09-02 16:21:45.864913+00
308,12036,offline,2026-09-02 16:21:45.928204+00
309,12036,online,2026-09-02 16:21:45.936174+00
310,12036,offline,2026-09-02 16:21:45.943968+00
311,12038,offline,2026-09-02 16:21:46.018014+00
312,12645,offline,2026-09-02 16:21:46.163482+00
313,12646,offline,2026-09-02 16:21:46.188827+00
314,12646,online,2026-09-02 16:21:46.197263+00
315,13502,offline,2026-09-02 16:26:28.156995+00
316,13503,offline,2026-09-02 16:26:28.204628+00
317,13504,offline,2026-09-02 16:26:28.241648+00
318,13504,online,2026-09-02 16:26:28.250128+00
319,13504,offline,2026-09-02 16:26:28.258254+00
320,13506,offline,2026-09-02 16:26:28.333533+00
321,14113,offline,2026-09-02 16:26:28.478558+00
322,14114,offline,2026-09-02 16:26:28.503941+00
323,14114,online,2026-09-02 16:26:28.512332+00
324,14970,offline,2026-09-03 01:48:48.668944+00
325,14971,offline,2026-09-03 01:48:48.717054+00
326,14972,offline,2026-09-03 01:48:48.780242+00
327,14972,online,2026-09-03 01:48:48.788932+00
328,14972,offline,2026-09-03 01:48:48.797133+00
329,14974,offline,2026-09-03 01:48:48.89446+00
330,15581,offline,2026-09-03 01:48:49.071174+00
331,15582,offline,2026-09-03 01:48:49.097287+00
332,15582,online,2026-09-03 01:48:49.106218+00
333,16438,offline,2026-09-03 01:57:16.849565+00
334,16439,offline,2026-09-03 01:57:16.894871+00
335,16440,offline,2026-09-03 01:57:16.934998+00
336,16440,online,2026-09-03 01:57:16.94628+00
337,16440,offline,2026-09-03 01:57:16.955661+00
338,16442,offline,2026-09-03 01:57:17.038518+00
339,17049,offline,2026-09-03 01:57:17.231238+00
340,17050,offline,2026-09-03 01:57:17.277072+00
341,17050,online,2026-09-03 01:57:17.286252+00
342,17906,offline,2026-09-03 02:03:09.481886+00
343,17907,offline,2026-09-03 02:03:09.527407+00
344,17908,offline,2026-09-03 02:03:09.590572+00
345,17908,online,2026-09-03 02:03:09.600606+00
346,17908,offline,2026-09-03 02:03:09.609449+00
347,17910,offline,2026-09-03 02:03:09.713925+00
348,18517,offline,2026-09-03 02:03:09.885785+00
349,18518,offline,2026-09-03 02:03:09.913655+00
350,18518,online,2026-09-03 02:03:09.922662+00
351,19375,offline,2026-09-03 02:06:51.075259+00
352,19376,offline,2026-09-03 02:06:51.118551+00
353,19377,offline,2026-09-03 02:06:51.181556+00
354,19377,online,2026-09-03 02:06:51.189782+00
355,19377,offline,2026-09-03 02:06:51.197925+00
356,19379,offline,2026-09-03 02:06:51.288755+00
357,19986,offline,2026-09-03 02:06:51.449304+00
358,19987,offline,2026-09-03 02:06:51.478175+00
359,19987,online,2026-09-03 02:06:51.48724+00
360,20843,offline,2026-09-03 02:13:01.693883+00
361,20844,offline,2026-09-03 02:13:01.740091+00
362,20845,offline,2026-09-03 02:13:01.802653+00
363,20845,online,2026-09-03 02:13:01.812263+00
364,20845,offline,2026-09-03 02:13:01.821806+00
365,20847,offline,2026-09-03 02:13:01.933999+00
366,21454,offline,2026-09-03 02:13:02.098526+00
367,21455,offline,2026-09-03 02:13:02.123956+00
368,21455,online,2026-09-03 02:13:02.132725+00
369,22204,offline,2026-09-03 03:49:15.642956+00
370,22205,offline,2026-09-03 03:49:15.744281+00
371,22206,offline,2026-09-03 03:49:15.887398+00
372,22206,online,2026-09-03 03:49:15.919636+00
373,22206,offline,2026-09-03 03:49:15.950226+00
374,22208,offline,2026-09-03 03:49:16.133189+00
375,22211,offline,2026-09-03 03:49:16.451733+00
376,22212,offline,2026-09-03 03:49:16.571492+00
377,22212,online,2026-09-03 03:49:16.612527+00
